,Num,X,Y,Dist
0,6a,-32.4401902993,2.17577747462,3.814571136843e-05
1,7,-41.4657220382,1.64510446455,0.0005516502373959383
2,7b,-56.4111523193,1.32965395724,0.0001391102285229215
3,8,-70.6673853897,-5.25744256108,0.00011148850537049137
4,7a,-55.4877567735,-4.691141915,0.00010603202371152922
5,6,-7.49188112466,-3.02926144816,0.0010209521228250746
6,4,28.7016541288,-1.78377413826,
7,3,40.8713656293,-2.02223189854,
8,1,77.2321771462,-2.22412703474e-05,
9,2,66.7753209775,5.27229588677,
10,4a,17.9477980954,3.45210527051,
11,5,9.48413227454,3.1424783948,
12,1000,77.2100889164,1.8441662895,
13,1001,77.2008361244,3.36322835461,
14,1002,40.7090807956,2.15723446741,
15,1003,40.7614874346,0.638264000531,
16,1004,17.9457034346,-0.120524074094,
17,1005,18.0109112004,1.40283002773,
18,1006,-7.50011074687,-0.957847820084,
19,1007,-7.5421656897,0.557551421994,
20,11,-124.244973316,-6.98015698586,0.00030836194622018017
21,13,-176.227961475,-8.73661973165,0.0008339799650849937
22,12,-150.71190782,-2.33405558913,0.00026308450143197175
23,9a,-102.260854314,-0.587341038205,0.00044920377821048863
24,9b,-102.017190456,-6.18159488253,0.0006037311202012723
25,9,-90.4651579658,-0.342308827736,
26,1018,-90.408237791,-3.71320554351,
27,1014,-41.4821648235,-2.09011863608,
28,1015,-70.6343503114,-3.05206163782,
29,1016,-70.6715880769,-1.5359344125,
30,1017,-90.4539247165,-2.19531068009,
31,1011,-7.49275169779,-0.958467494666,
32,1012,-7.52861205428,0.55660522815,
33,1013,-41.4223687198,-0.567968174396,
34,3005,-150.420166933,-5.70172590253,
35,3004,-150.57862499,-4.18932028704,
36,3007,-176.487479793,-5.05028106978,
37,3006,-176.436175758,-6.56806648129,
38,3001,-102.072330707,-4.09784052069,
39,3000,-102.201787239,-2.58440162999,
40,3003,-124.480660961,-3.32032808825,
41,3002,-124.349669316,-4.83682087015,
42,3009,-194.800389791,-7.1775707843,
43,3008,-194.881374547,-5.65923508523,
44,20,-310.353490914,-7.50692010991,0.00022125212880653915
45,15,-218.328898591,-9.91815824477,0.0001516248502310528
46,14,-195.338584129,-3.37387414626,2.3951649812091773e-07
47,17,-244.117240639,-10.9221658324,0.00013646793990995096
48,16,-244.228997517,-5.12882300416,0.0002706075854109448
49,19,-293.454415158,-12.6243420277,0.0001931597100816863
50,18,-270.617350792,-6.28815186214,0.0005458732491215581
51,24,-386.119909715,-9.92041800628,0.0007734631222491257
52,25,-411.315052368,-16.6339304868,9.395813457255156e-05
53,21,-312.401013384,-12.9161933217,0.000732492143588084
54,22,-330.68277318,-8.14539815593,0.00012968707052543184
55,23,-360.656117567,-14.7310580233,0.00023865814003356416
56,4000,-194.959916294,-5.66096965056,
57,4001,-194.825337614,-7.17802938996,
58,4002,-218.442103668,-7.96224967402,
59,4003,-218.481551006,-6.44493664702,
60,4004,-243.998265488,-7.28893506952,
61,4005,-243.965604304,-8.80873013477,
62,4006,-270.496891673,-8.16577075464,
63,4007,-270.428567706,-9.68523491203,
64,4008,-293.429649717,-10.4501676237,
65,4009,-293.549818792,-8.93275527811,
66,4011,-310.280737873,-11.0075916587,
67,4010,-310.368244953,-9.49227066975,
68,26,-430.291226084,-11.5227519149,0.00014378786005405186
69,27,-447.42802816,-17.6503895432,0.0004851650018011595
70,30,-531.21637503,-20.4260034432,0.00010508359494158322
71,28,-479.143509747,-12.9635922837,0.00041009217243589394
72,29,-510.211148209,-14.2500988226,0.00017046853775858978
73,29a,-509.977360482,-20.0219703181,0.00010190507367538892
74,6006,-509.826491419,-16.1093455065,
75,6007,-509.736737191,-17.6269924545,
76,6002,-447.829963746,-14.0549307229,
77,6003,-447.767817175,-15.5723881836,
78,6000,-430.021735124,-14.9826558266,
79,6001,-430.096914201,-13.4675247614,
80,6008,-531.267233556,-18.3452256327,
81,6009,-531.384895987,-16.8273840003,
82,6004,-478.840015833,-16.6117384945,
83,6005,-478.942771484,-15.0924924727,
84,6011,-543.285034554,-18.7408583727,
85,6010,-543.368431916,-17.2257026311,
86,33,-568.272409642,-21.2751885163,0.00028313792856051167
87,32,-542.920535654,-20.5828238173,0.0005866019170824773
88,31,-543.070384928,-15.4647989739,0.00035323268252142337
89,36,-638.207200503,-18.6362860008,0.0002740005195494181
90,35,-618.327897248,-22.9892053852,0.00043292223435449217
91,34,-593.272614532,-17.1282817768,0.00023812428219680625
92,7010,-663.23684191,-22.7309552172,
93,7011,-663.325632584,-21.2118963235,
94,42,-738.236934029,-21.9967723866,5.8649783509994115e-05
95,40,-713.403723839,-21.1435448467,0.0003655347156403071
96,41,-713.197965089,-26.1594924231,0.00026033525531238895
97,7009,-638.101995776,-21.8949524332,
98,7008,-638.152566233,-20.3768874523,
99,7001,-543.238646821,-18.738742952,
100,7000,-543.326038852,-17.2229703859,
101,7003,-568.343226177,-18.0552127667,
102,7002,-568.294852573,-19.5740129223,
103,7005,-593.313711421,-20.4064360903,
104,7004,-593.35906021,-18.8855771858,
105,7007,-618.357955052,-19.7153767159,
106,7006,-618.312202357,-21.2359338495,
107,39,-688.404987538,-20.264998314,0.0003150271109206944
108,38,-663.192383577,-24.4727415734,0.0009105637634628189
109,37,-663.369839218,-19.4826866299,0.00033692193553084865
110,48,-863.767045731,-26.1441903087,0.0001594551537355073
111,46,-838.453047767,-25.3046937521,0.000209754268112336
112,44,-788.303914799,-23.6499302543,0.0004952156607473234
113,45,-813.256336501,-29.5053616894,0.0004036710718917099
114,43,-763.270143586,-27.9155084498,0.0012863519276361632
115,47,-863.161750576,-31.2097553845,0.0003012974348585957
116,7020,-763.372208072,-24.5285370868,
117,7018,-738.288616639,-25.2209990215,
118,7019,-763.307911669,-26.0491556892,
119,7016,-713.194547172,-24.3883422559,
120,7017,-738.299915015,-23.6987815032,
121,7014,-688.310780366,-23.5649995021,
122,7015,-713.329224052,-22.8722883257,
123,7012,-663.296275092,-21.2101972179,
124,7013,-663.183548003,-22.7301108985,
125,7030,-863.438580854,-27.8384015395,
126,7031,-888.826190906,-30.2059438702,
127,7032,-888.909382864,-28.6841881809,
128,7033,-914.737235492,-31.064856854,
129,7034,-914.846774573,-29.5478913598,
130,49,-889.135483926,-32.0333823377,
131,7023,-788.334773502,-25.3557565243,
132,7022,-763.36506442,-24.5277684752,
133,7021,-763.274826266,-26.0479701014,
134,7027,-838.37121483,-27.0170971243,
135,7026,-813.351516544,-26.1829932568,
136,7025,-813.287368014,-27.7015170013,
137,7024,-788.236802746,-26.8753620005,
138,7029,-863.220689189,-29.3527999309,
139,7028,-838.254702181,-28.5332372961,
140,54,-993.147386947,-30.1845747301,9.735170550869163e-05
141,51,-914.753895162,-27.6984439682,0.00011548673198417387
142,50,-914.439453187,-32.9022870336,0.0005273359850215966
143,53,-966.190294494,-34.7688397877,0.00030115770133307536
144,52,-944.558920786,-28.4240426012,0.0007685641239003018
145,59,-1093.04182196,-38.9466129207,0.0010539029136395896
146,58,-1068.41292353,-32.6442088748,0.00039701545372126777
147,55,-1018.22465414,-30.9308887916,0.00015126875601799566
148,57,-1043.36324687,-37.3127443511,0.00036464337425019946
149,56,-1018.04824478,-36.4602048012,2.7864810840303645e-05
150,61,-1146.32893352,-40.7378306269,0.0007335867787054694
151,7035,-914.842226026,-29.548160494,
152,7036,-914.744232796,-31.065128621,
153,7037,-944.377196465,-30.5253989182,
154,7038,-944.254441124,-32.041390163,
155,7039,-966.167762657,-32.7695773081,
156,7040,-966.25750737,-31.2504065719,
157,60,-1121.25432959,-34.3672161716,0.00018107316950029715
158,62,-1171.29598221,-36.0536286303,0.0005283519032605905
159,63,-1196.8529128,-42.4048809999,9.875798287514766e-05
160,64,-1221.8357153,-37.7621351101,0.00035394223164872656
161,7052,-1093.22131215,-35.4595644436,
162,7050,-1068.10535116,-36.1482869046,
163,7051,-1093.12236811,-36.9783632631,
164,7045,-1018.23695862,-32.9732563544,
165,7044,-993.120879804,-33.6610021858,
166,7047,-1043.59571478,-35.3361651434,
167,7046,-1018.15549049,-34.4920980372,
168,7041,-966.205425118,-32.7704532429,
169,7043,-993.220388142,-32.1403193707,
170,7042,-966.308661696,-31.2507830975,
171,7049,-1068.21471765,-34.6279259718,
172,7048,-1043.69726653,-33.8170579453,
173,65,-1247.02082226,-44.061023321,0.0006427228784670865
174,66,-1273.73131545,-39.4395743973,0.0004188875057936074
175,67,-1295.65147857,-45.7155357038,2.4892078359158256e-08
176,68,-1320.81037753,-40.9829599954,0.00032480794602790844
177,69,-1346.07640255,-47.3272710218,0.0004192397780241912
178,7058,-1146.6604172,-37.2294571089,
179,7059,-1171.25424205,-38.0514774289,
180,7053,-1093.12815169,-36.9794710069,
181,7056,-1121.10803497,-37.9086585623,
182,7057,-1146.56383613,-38.7518037829,
183,7054,-1093.18421865,-35.4587469053,
184,7055,-1121.18544684,-36.387545506,
185,70,-1370.78737263,-42.6457449545,0.0009200156925704177
186,7066,-1247.14225736,-40.5646984177,
187,7065,-1247.05935636,-42.0879397378,
188,7064,-1222.06731412,-41.2562637595,
189,7063,-1222.15679048,-39.7363505884,
190,7062,-1196.98581535,-38.9017709758,
191,7061,-1196.87736064,-40.4201640653,
192,7060,-1171.11575771,-39.5670304643,
193,7078,-1371.07313053,-46.1905815198,
194,7079,-1396.12404398,-47.0215751318,
195,7074,-1320.53218791,-44.512881089,
196,7075,-1346.13129424,-45.3643665579,
197,7076,-1346.21736228,-43.8446368941,
198,7077,-1371.1576185,-44.6717645255,
199,7070,-1273.56528553,-42.9633108104,
200,7071,-1295.61579114,-43.6928867475,
201,7072,-1295.74087401,-42.1729760174,
202,7073,-1320.63753708,-42.9948754136,
203,76,-1521.49748372,-47.6792550808,0.001056618630967044
204,75,-1497.49612802,-52.3370677653,0.0017749673499257268
205,74,-1472.61810933,-45.9959146242,0.0001340554728072469
206,73,-1447.17876637,-50.6718403879,0.00010327121430324474
207,72,-1421.57933727,-44.3832331069,0.00030781044143183173
208,71,-1395.84463282,-48.9727130297,0.0005020924403883584
209,7080,-1396.17973868,-45.5009206199,
210,7069,-1273.67479877,-41.4421852985,
211,7068,-1247.18046839,-40.5644014913,
212,7067,-1247.10195808,-42.0861312992,
213,82,-1671.9833844,-52.6500358418,0.0006981881034143167
214,80,-1622.13353449,-50.9458289815,0.000357234724609181
215,81,-1647.11989982,-57.3216199904,0.0003279710212585876
216,7094,-1547.63042103,-50.5135076305,
217,7092,-1521.51181972,-51.169836388,
218,7093,-1547.60258946,-52.0325372795,
219,7090,-1497.70363894,-48.86219224,
220,7091,-1521.61215615,-49.6510744144,
221,77,-1547.52635076,-54.022795905,0.0004600589423013299
222,79,-1596.95817269,-55.6459720517,0.0004281598362287543
223,78,-1572.04067238,-49.3162198064,0.00029028692902974767
224,7081,-1396.13093166,-47.0209436631,
225,7083,-1421.11776875,-46.325344464,
226,7082,-1396.17086872,-45.4983092042,
227,7085,-1447.07871535,-48.7057029821,
228,7084,-1421.06007194,-47.8467538076,
229,7087,-1472.68471356,-48.0334468527,
230,7086,-1447.11531774,-47.1855735077,
231,7089,-1497.59315682,-50.3774684865,
232,7088,-1472.62676837,-49.5541996586,
233,85,-1747.20494309,-60.6491503127,0.00020752515244707183
234,88,-1822.95541599,-57.6014017722,0.0004374537179244928
235,84,-1723.08599333,-54.3284772975,0.00031047196570812923
236,83,-1696.96400323,-58.9381410341,0.0001611430256455959
237,86,-1772.59777577,-55.9817897903,0.0006221944238750562
238,87,-1797.7502575,-62.3085042755,0.00030926665023434184
239,7113,-1747.39145543,-58.6557533244,
240,7112,-1722.47284838,-57.8280465146,
241,7111,-1722.55284657,-56.3124131315,
242,7110,-1697.12956789,-55.4665036118,
243,7117,-1797.91267021,-60.3322455372,
244,7116,-1772.42437875,-59.4852728253,
245,7115,-1772.53477245,-57.9684199168,
246,7114,-1747.51412691,-57.1366031897,
247,7119,-1823.01235947,-59.6458863953,
248,7118,-1798.05258782,-58.8158249598,
249,91,-1898.95763791,-65.6213053666,6.711073043654476e-05
250,7109,-1697.06315912,-56.987039892,
251,93,-1947.69660669,-67.3611772072,0.000580418548109764
252,92,-1923.85767195,-60.9899038709,5.76825340261914e-05
253,7122,-1848.99957952,-60.5060161028,
254,94,-1970.5825827,-62.5358796754,1.4332108831030414e-08
255,7120,-1822.94574355,-61.1626995607,
256,7121,-1849.01343885,-62.0234078345,
257,89,-1849.2102649,-64.0616929423,0.00017684601779129443
258,90,-1874.59185296,-59.3484711304,0.0006642116467413017
259,7131,-1947.90914772,-65.2955639151,
260,7130,-1923.88089325,-64.5038904601,
261,7133,-1970.51879007,-64.5284711579,
262,7132,-1948.01803548,-63.7781389807,
263,7135,-1997.05309438,-66.9289283719,
264,7134,-1970.3244585,-66.0418661095,
265,7136,-1997.12374354,-65.4136874364,
266,7125,-1874.530346,-61.3528026658,
267,7123,-1848.99257706,-62.02308081,
268,99,-2097.59521049,-72.3655686416,0.0006519420315299505
269,98,-2072.43390884,-65.8995918212,0.0004148948785649785
270,7124,-1848.97862578,-60.5044639496,
271,7128,-1898.97486866,-62.1594246842,
272,7129,-1923.96356298,-62.9873986923,
273,7126,-1874.41785921,-62.8683053036,
274,7127,-1898.95683619,-63.6757418737,
275,100,-2122.46655656,-67.6042852176,0.00015398684670541214
276,95,-1997.05676134,-69.0413905842,0.0004152008313488935
277,97,-2047.37769748,-70.608853466,0.0008038709656447441
278,96,-2022.49470477,-64.2876581127,8.19116651944701e-05
279,7139,-2022.47509649,-66.2528331638,
280,7138,-1997.11603944,-65.4132578688,
281,7137,-1997.02728318,-66.9285351955,
282,106,-2274.03180764,-72.5561444682,0.0008850051329889605
283,7150,-2148.98131698,-70.4422344232,
284,104,-2224.06113595,-70.8861017376,0.000958580861621749
285,105,-2248.78751458,-77.3244706251,0.0001623883826862438
286,102,-2173.95086802,-69.2697387551,3.268951436401836e-05
287,103,-2198.92950302,-75.6632015708,0.0006116623484207399
288,101,-2148.93135978,-74.0119654414,0.00020664707640621476
289,7148,-2122.38384043,-71.0843737634,
290,7149,-2148.96981884,-71.9640862638,
291,7144,-2072.40863958,-69.4266798961,
292,7145,-2097.56610089,-70.2629787677,
293,7146,-2097.76619474,-68.7514662018,
294,7147,-2122.46745068,-69.5683831709,
295,7140,-2022.38814705,-67.7723936454,
296,7141,-2047.42656408,-68.6003878824,
297,7142,-2047.50732959,-67.0847099264,
298,7143,-2072.47643067,-67.9097139651,
299,111,-2399.36366213,-82.2756136515,0.0001566049359777587
300,110,-2372.6337969,-75.8358167112,0.00014974532502803783
301,112,-2424.33780076,-77.5043784062,0.00036839367279584075
302,7159,-2248.82756203,-75.2732672,
303,7158,-2223.85019536,-74.443642677,
304,7157,-2223.96407196,-72.9295143917,
305,7156,-2199.0612694,-72.1022750071,
306,7155,-2198.93257195,-73.6206650632,
307,7154,-2173.9106181,-72.7905121038,
308,7153,-2173.94261768,-71.2714895876,
309,7152,-2148.97603491,-70.441858458,
310,7151,-2148.97512266,-71.9618421549,
311,108,-2323.93538525,-74.2075680391,0.00011463280461963588
312,109,-2349.96686525,-80.6839259447,0.0004194664014728797
313,107,-2298.80303855,-78.9988635748,0.0005701058309548373
314,7162,-2273.85961064,-76.1016841524,
315,7163,-2298.82519023,-76.9321652494,
316,7160,-2248.97128396,-73.7579815283,
317,7161,-2273.95436915,-74.5840135802,
318,7164,-2298.99075222,-75.4170329645,
319,113,-2449.30508024,-83.9653736141,0.00041909171620240014
320,7175,-2424.37564313,-79.568291875,
321,114,-2474.48506311,-79.2029490658,0.00011445972215630934
322,7177,-2449.27480818,-81.9134339498,
323,116,-2524.43773391,-80.832883699,0.00021940370597772977
324,7173,-2399.40365284,-80.261719837,
325,7172,-2372.82197944,-79.3811059208,
326,7178,-2449.40731965,-80.3991724183,
327,118,-2576.68534142,-82.6592811719,0.0007597117743055468
328,115,-2499.27925626,-85.6052760689,0.0002796835994653708
329,7168,-2323.82420008,-77.7557159126,
330,7169,-2349.79873406,-78.6146306023,
331,7174,-2399.45811567,-78.7420153816,
332,7166,-2298.99279151,-75.4170190855,
333,7167,-2323.94214521,-76.2376818541,
334,117,-2549.42365385,-87.3320049072,9.450498874273657e-05
335,7165,-2298.83050336,-76.9333211188,
336,7176,-2424.27252411,-81.0841913994,
337,7171,-2372.95240356,-77.8632723183,
338,7170,-2349.91566841,-77.1000039527,
339,119,-2600.97785915,-89.0062603195,3.590621907960776e-05
340,7179,-2449.26973351,-81.9131966315,
341,7192,-2600.91458253,-85.4140785256,
342,7191,-2600.85095596,-86.9324725994,
343,7190,-2576.35016678,-86.1235348741,
344,120,-2626.20158163,-84.2883064623,0.00013667388891727187
345,122,-2677.16234373,-85.9834993057,0.0003811985444939805
346,123,-2701.97721639,-92.2711410972,3.541129785339231e-05
347,124,-2726.16747405,-87.5974405499,0.0010962284817688818
348,7188,-2549.38882946,-83.70866314,
349,7189,-2576.48644458,-84.6082716293,
350,h2008,-2548.89784828,-81.6680595626,
351,7180,-2449.40871758,-80.3990628705,
352,7181,-2474.43054049,-81.2257518505,
353,7182,-2474.28829129,-82.7402019245,
354,7183,-2499.27065815,-83.5695077624,
355,7184,-2499.38185508,-82.0525025013,
356,7185,-2524.4045734,-82.8811246081,
357,7186,-2524.26550209,-84.3993187905,
358,7187,-2549.28517973,-85.2242573308,
359,130,-2876.32391929,-92.5191053592,9.140986946284216e-09
360,h2020,-2728.79579691,-87.6170916405,
361,7203,-2726.35049278,-89.572104253,
362,7202,-2701.9219865,-88.7655518497,
363,7201,-2701.86266162,-90.2833110292,
364,7200,-2676.79249817,-89.4472212998,
365,7206,-2751.29768092,-91.9139566459,
366,7205,-2751.33966084,-90.3979312446,
367,7204,-2726.23586612,-91.0875135304,
368,7199,-2676.89278686,-87.9298735014,
369,7198,-2651.91908377,-87.1020848861,
370,7193,-2600.8532213,-86.9319000838,
371,7197,-2651.86839302,-88.6210280439,
372,7196,-2626.2464659,-87.7785327528,
373,7195,-2626.3470323,-86.259550231,
374,7194,-2600.91903372,-85.4120681317,
375,121,-2651.88035795,-90.6850775575,
376,125,-2751.29582213,-93.8995962316,0.0008841825966336509
377,126,-2776.52086904,-89.2664759217,0.0004324154231934677
378,127,-2801.22133228,-95.6318080328,0.0003940495187602842
379,128,-2826.22253846,-90.8428488037,4.901958446034229e-05
380,129,-2851.32024071,-97.2984527563,0.00025825024274937503
381,133,-2950.67502418,-100.558815819,0.00018043308511927
382,7220,-2900.7485377,-96.8682272226,
383,131,-2900.79886183,-98.9369597827,0.0004448330332936115
384,136,-3023.26691835,-97.4176634636,0.00015672264366877966
385,135,-2998.17356768,-102.144685484,0.00014367208983169
386,134,-2972.90643223,-95.7834109037,1.2161257383426397e-06
387,h2007,-2868.71015497,-92.260633387,
388,7209,-2776.3247563,-91.2226535036,
389,7208,-2751.34156895,-90.3986617822,
390,7207,-2751.29936084,-91.9146773078,
391,7218,-2876.19027264,-96.0538481281,
392,7219,-2900.82056566,-95.3515558442,
393,132,-2925.81786983,-94.2205483278,0.00017872411469380467
394,7210,-2776.22442302,-92.740379375,
395,7211,-2801.2937764,-93.5707861111,
396,7212,-2801.33749022,-92.053146291,
397,7213,-2826.32176853,-92.8799857006,
398,7214,-2826.27305282,-94.3997712061,
399,7215,-2851.27920492,-95.2305495391,
400,7216,-2851.33256014,-93.7103750031,
401,7217,-2876.31930352,-94.5401098268,
402,7221,-2900.78977195,-96.8694319461,
403,7223,-2925.72893984,-96.1797077065,
404,7222,-2900.82295071,-95.3522319437,
405,137,-3048.05600251,-103.825028361,0.000515790846048218
406,7227,-2973.27043182,-97.7557305604,
407,7226,-2950.7481039,-97.0068812666,
408,7229,-2998.28914386,-100.10768339,
409,7228,-2973.19236628,-99.2773199255,
410,139,-3098.15673987,-105.471022106,0.00011641240160672914
411,138,-3073.19684873,-99.0523767242,0.00023438724814602572
412,h1994,-3008.61974254,-96.9097483555,
413,142,-3173.2626928,-102.391384514,0.0001637268625419046
414,140,-3123.14645383,-100.729205309,1.267660815948014e-05
415,141,-3148.21391403,-107.134651299,0.00034986414626779944
416,7234,-3048.27795806,-100.24409348,
417,7232,-3023.22760079,-100.930674244,
418,7233,-3048.1762197,-101.760718711,
419,7230,-2998.30781473,-98.5847695035,
420,7231,-3023.30060796,-99.4110308707,
421,7225,-2950.75790962,-98.5299951377,
422,7224,-2925.67852963,-97.6999369094,
423,7247,-3198.18209144,-106.727075894,
424,7246,-3173.12862858,-105.897832972,
425,7245,-3173.16930365,-104.379176802,
426,7244,-3148.22709274,-103.551920833,
427,7243,-3148.22865518,-105.072000564,
428,7242,-3123.13905037,-104.242155605,
429,7241,-3123.19835258,-102.724653766,
430,7240,-3098.27454622,-101.899119903,
431,7248,-3198.21884078,-105.206909987,
432,146,-3274.60573088,-105.765781989,0.0001887237635248377
433,147,-3299.07975342,-112.101751663,1.3269282585908811e-08
434,144,-3223.5952023,-104.078735571,0.0002525388654477129
435,145,-3249.36196614,-110.492377805,0.00012006634805293638
436,143,-3198.07180008,-108.775471859,0.00026968119611600107
437,148,-3324.19853194,-107.376149415,0.00042176040008102547
438,7236,-3048.36937971,-100.246711645,
439,7237,-3073.27681123,-101.071182122,
440,7235,-3048.1643085,-101.761246223,
441,7238,-3073.15165018,-102.588692927,
442,7239,-3098.12128788,-103.417303963,
443,h1987,-3148.46363609,-101.564261514,
444,151,-3399.82679227,-115.479769898,0.00022612746153521278
445,150,-3375.2557374,-109.098396304,3.00991634707605e-08
446,153,-3450.15609093,-117.161635336,5.663717557893605e-05
447,152,-3425.10676443,-110.729773732,4.703860193947615e-05
448,154,-3475.38191746,-112.446184156,0.00028604840089103034
449,h2011,-3328.46188526,-107.491528426,
450,7261,-3349.09617707,-111.737326735,
451,7260,-3324.12449646,-110.904799083,
452,7249,-3198.17630964,-106.726930015,
453,7262,-3349.1555386,-110.216336787,
454,149,-3349.12122374,-113.791857169,0.00029973281139424664
455,7254,-3249.24041894,-106.901540592,
456,7255,-3274.19949321,-107.726164738,
457,7256,-3274.10134427,-109.245740221,
458,7257,-3299.17889652,-110.081214637,
459,7250,-3198.22455561,-105.206218295,
460,7251,-3223.24650985,-106.041395277,
461,7252,-3223.15060855,-107.559747701,
462,7253,-3249.21188454,-108.424412866,
463,7258,-3299.18656436,-108.558550975,
464,7259,-3324.13448482,-109.385071754,
465,155,-3499.90928013,-118.806022508,0.00024570630373798566
466,157,-3549.37852405,-120.402638744,2.2738158507893683e-08
467,156,-3525.10018919,-114.045232127,3.590147044051476e-05
468,159,-3599.37447428,-122.093648198,0.00030337032730454666
469,158,-3574.64212959,-115.718834869,0.00040777834793300475
470,7269,-3425.12878239,-112.731478013,
471,7268,-3400.14627624,-111.905460061,
472,7265,-3375.15917599,-111.076001767,
473,7264,-3349.15731924,-110.216217118,
474,7267,-3399.99492518,-113.421953383,
475,7266,-3375.05255826,-112.593038463,
476,7263,-3349.07831062,-111.737060535,
477,160,-3625.1658602,-117.378269239,9.441914559853201e-06
478,7272,-3450.12966235,-113.558476213,
479,7273,-3475.16820719,-114.388114644,
480,7270,-3425.00953668,-114.247871598,
481,7271,-3450.09179527,-115.07634427,
482,7276,-3500.01053857,-116.736163797,
483,7274,-3475.00148331,-115.906409059,
484,7275,-3500.10985267,-115.220441383,
485,GS3000z,-3488.10998946,-118.084182468,
486,h1963,-3468.38279125,-112.187970196,
487,7283,-3574.55620437,-117.686042217,
488,7282,-3549.58207636,-116.858939717,
489,7281,-3549.54955146,-118.375945788,
490,7280,-3525.00763606,-117.560687523,
491,7286,-3599.54951801,-118.519272159,
492,7289,-3648.63992383,-120.143782349,
493,7288,-3624.95833368,-120.881017322,
494,7287,-3625.13861202,-119.365731819,
495,7285,-3599.46491994,-120.036051145,
496,7284,-3574.44616879,-119.2023531,
497,7290,-3648.56237136,-121.661369108,
498,h2071,-3627.99386665,-123.067243445,
499,164,-3723.80388153,-120.708957117,0.00010754398185070698
500,165,-3748.43328444,-127.005207626,0.0001783732359502091
501,166,-3773.78223798,-122.328175718,0.0005799226525787095
502,161,-3648.54129637,-123.738881302,0.0008359759139724915
503,162,-3673.7166006,-119.045428389,1.626763582931847e-08
504,163,-3698.50932046,-125.34879025,0.0004064111923106968
505,7277,-3500.00496596,-116.735991777,
506,7278,-3500.10211365,-115.220714172,
507,7279,-3525.07598777,-116.046699803,
508,h2060,-3747.87684075,-127.018372727,
509,172,-3921.48807378,-127.148693825,0.0005130350548603806
510,171,-3896.4021821,-131.919500638,0.0003790474374513487
511,170,-3871.49331042,-125.557335671,0.0004099687545754712
512,7302,-3773.42440018,-125.806197174,
513,7303,-3798.00903801,-126.624838013,
514,7300,-3748.60449956,-123.466803914,
515,7301,-3773.54511128,-124.29101186,
516,7304,-3798.08963595,-125.105602279,
517,7291,-3648.56802326,-121.663224876,
518,7292,-3648.6403074,-120.144273106,
519,7293,-3673.54209811,-120.968314509,
520,7294,-3673.43667347,-122.487977967,
521,7295,-3698.57693892,-123.319629194,
522,7296,-3698.54053538,-121.798677088,
523,7297,-3723.5520967,-122.631672034,
524,7298,-3723.44157518,-124.148382688,
525,7299,-3748.56564348,-124.980250384,
526,168,-3823.47804729,-123.990401589,0.0004706970917342254
527,169,-3846.24842555,-130.240706798,9.205330292828835e-05
528,167,-3797.96868381,-128.663305955,0.00011655177000020578
529,178,-4071.16831932,-132.104414007,0.00039000190465331706
530,177,-4046.24133588,-136.870895181,0.0002311563522779875
531,176,-4021.30897353,-130.444551388,0.00020965428578554682
532,175,-3996.29169597,-135.261039471,0.00026819815536655755
533,174,-3972.07428958,-128.804001601,5.7589893822859626e-05
534,173,-3946.52233816,-133.589199294,0.0007412864470160226
535,h2082,-3927.8429152,-133.017214943,
536,7306,-3798.08484496,-125.106736289,
537,7307,-3823.46270241,-125.947357576,
538,7305,-3798.02443887,-126.625446244,
539,7308,-3823.40436151,-127.466348023,
540,7309,-3846.40920803,-128.228080927,
541,7318,-3946.85517957,-131.554999085,
542,7315,-3921.53552084,-129.198019351,
543,7314,-3896.56144953,-128.372250144,
544,7317,-3946.93921646,-130.038365727,
545,7316,-3921.3634391,-130.715112959,
546,7311,-3871.48533434,-127.536895948,
547,7310,-3846.55861118,-126.715290415,
548,7313,-3896.40908012,-129.88785757,
549,7312,-3871.40802499,-129.055939829,
550,179,-4096.23682475,-138.537959809,0.00048155169826971363
551,7324,-3996.22290147,-131.678022431,
552,7325,-4021.22506792,-132.505716444,
553,7326,-4021.13970866,-134.021486673,
554,7327,-4046.19319562,-134.85219785,
555,7320,-3946.94293949,-130.041144958,
556,7321,-3971.9500067,-130.87138298,
557,7322,-3971.81947498,-132.387853048,
558,7323,-3996.18460305,-133.195979137,
559,7328,-4046.22555012,-133.332777784,
560,7329,-4071.23197522,-134.164888519,
561,182,-4171.56270982,-135.428573074,0.00010305691137056574
562,183,-4196.36562309,-141.855648827,2.6819986993760498e-08
563,180,-4121.18808218,-133.793728654,0.00021141214950124267
564,181,-4146.14935102,-140.057818157,0.00024062059383111106
565,184,-4221.50223834,-137.093086293,0.00019655525318070576
566,h2338,-3987.78481038,-134.975768308,
567,7319,-3946.85613662,-131.558967118,
568,7332,-4096.20597971,-134.994288222,
569,7331,-4096.21033279,-136.51189842,
570,7330,-4071.08314583,-135.678639402,
571,GS2500z,-3987.82787724,-134.603291955,
572,h0033,-4227.66563187,-142.938987368,
573,190,-4371.48388083,-142.037337519,0.0009952358361788964
574,7346,-4246.42779606,-141.493998601,
575,7344,-4221.44129862,-140.664248152,
576,7345,-4246.41129119,-139.977090708,
577,7342,-4196.49894158,-138.318921339,
578,7343,-4221.40985129,-139.146595233,
579,7340,-4171.33155291,-139.005432101,
580,7341,-4196.46413407,-139.836447603,
581,186,-4271.50980773,-138.788607568,0.0004716839454475814
582,187,-4296.20366116,-145.20987915,0.001007853040511672
583,185,-4246.3517465,-143.527663364,0.0008859167974885985
584,188,-4321.61659679,-140.439969591,0.00030314532893969216
585,189,-4346.29903359,-146.84157007,0.0002536942777586045
586,7337,-4146.3170873,-138.173165956,
587,7336,-4121.11656729,-137.338609616,
588,7335,-4121.19393725,-135.822276474,
589,7334,-4096.2143234,-134.994508469,
590,7333,-4096.22344851,-136.512431398,
591,7339,-4171.44663925,-137.491510209,
592,7338,-4146.37396447,-136.657462988,
593,195,-4496.0183326,-151.784298873,0.00036077144239332647
594,194,-4471.04628946,-145.41047024,1.1268172626100986e-05
595,196,-4521.48193153,-147.03800602,0.0003111932000869856
596,191,-4396.18457684,-148.496662579,0.0001503743187714194
597,193,-4446.01754433,-150.106280139,0.0003687780291090509
598,192,-4421.35501658,-143.756322547,0.0005677975291439808
599,h0034,-4367.50382957,-147.539364074,
600,7347,-4246.42757733,-141.49301917,
601,7348,-4246.50519,-139.98174306,
602,7349,-4271.41858269,-140.800237779,
603,7360,-4396.34481566,-146.481826449,
604,7351,-4296.30800455,-143.14915597,
605,7350,-4271.30886547,-142.31891355,
606,7353,-4321.434336,-142.465960067,
607,7352,-4296.42216388,-141.633019435,
608,7355,-4346.31001508,-144.815753756,
609,7354,-4321.30630362,-143.980374789,
610,7357,-4371.45498349,-144.129786767,
611,7356,-4346.44171627,-143.299987804,
612,7359,-4396.39514791,-144.963958309,
613,7358,-4371.317758,-145.647705778,
614,199,-4596.69122707,-155.169514824,0.00015436377993254796
615,198,-4568.84838118,-148.632542702,0.00014060028833570506
616,197,-4546.28902755,-153.434808937,0.0009409911405499549
617,h0035,-4487.39241535,-151.541480464,
618,7368,-4471.11656136,-148.978135206,
619,7369,-4496.10429063,-149.812347582,
620,7361,-4396.34834568,-146.482711353,
621,7362,-4396.39535017,-144.964464508,
622,7363,-4421.36002792,-145.794857846,
623,7364,-4421.16280553,-147.311144766,
624,7365,-4446.12866703,-148.14431128,
625,7366,-4446.20911784,-146.626071381,
626,7367,-4471.20821859,-147.463047187,
627,201,-4646.54322046,-156.831177725,9.3083953462956e-05
628,200,-4621.66836362,-150.343791053,0.00032808761312891365
629,202,-4671.82695021,-151.840589752,2.476953159517249e-08
630,7373,-4546.2505327,-149.964987137,
631,7372,-4521.13848014,-150.646998207,
632,7371,-4521.23180809,-149.126987374,
633,7370,-4496.26441413,-148.297722478,
634,GS2000z,-4487.52455077,-147.511879938,
635,7374,-4546.17116092,-151.481315408,
636,7388,-4690.51417403,-156.283114436,
637,7382,-4621.62939054,-152.478809656,
638,7383,-4646.71277746,-153.31415371,
639,7380,-4596.64939366,-153.174735228,
640,7381,-4621.52564226,-153.994041878,
641,7386,-4671.62003402,-155.65876913,
642,7387,-4690.58246597,-154.767834916,
643,7384,-4646.65063422,-154.831415207,
644,7385,-4671.71779907,-154.140318137,
645,203,-4690.25150449,-157.984698791,0.0006839538409249188
646,205,-4745.54673996,-159.834535553,0.0004898124310365848
647,204,-4715.64981701,-153.897104031,0.00019634795852626656
648,207,-4805.779382,-161.814568069,8.62231465175795e-09
649,206,-4776.56020312,-155.917559493,0.0006287043133399683
650,208,-4836.14493769,-157.939124837,0.0005013260277626947
651,7379,-4596.75332869,-151.653794392,
652,7378,-4568.74146006,-150.716152461,
653,h2098,-4647.63550708,-151.225539519,
654,7377,-4568.629968,-152.23218783,
655,7376,-4546.24629267,-149.969724684,
656,7375,-4546.17461335,-151.484683932,
657,214,-5000.86027497,-162.944899454,0.00010114650746654063
658,212,-4950.97551515,-161.283465388,0.0002606312004626949
659,213,-4975.75959276,-167.563412477,0.0005279022592929811
660,210,-4895.74193073,-159.838740617,1.655933699282171e-07
661,211,-4925.88145766,-165.678438936,0.00023169644492794183
662,7397,-4805.84262512,-160.099226427,
663,7389,-4690.51333798,-156.282834815,
664,h2026,-4807.45818513,-156.591433891,
665,7393,-4745.49587799,-158.097564948,
666,7395,-4776.46755075,-159.125759061,
667,7394,-4745.57925587,-156.581654706,
668,7396,-4776.58381117,-157.6069593,
669,7391,-4715.55158921,-155.594689579,
670,7390,-4690.58056889,-154.767275554,
671,7392,-4715.48068142,-157.112636257,
672,209,-4865.63536378,-163.806014357,0.000679670195550713
673,7399,-4835.97345758,-159.578591527,
674,7398,-4805.93082534,-158.582362778,
675,7401,-4865.79215269,-162.089306553,
676,7400,-4835.91999603,-161.099859282,
677,7402,-4865.88922349,-160.575939061,
678,216,-5051.27830923,-164.574914326,0.0003792546784891332
679,217,-5076.2225595,-170.865578186,0.00010582701304631181
680,215,-5025.69199087,-169.219884477,0.00022397242847094657
681,218,-5101.17881387,-166.189721114,0.00015992277215329384
682,219,-5126.12696579,-172.505229519,0.00015847870824279697
683,7412,-4975.90321952,-164.180132566,
684,7410,-4950.83831124,-164.877765633,
685,7411,-4975.78921466,-165.697405723,
686,7416,-5000.68864305,-166.511624176,
687,7417,-5025.77487379,-167.331762998,
688,7415,-5000.80975668,-164.995079439,
689,7418,-5025.8451919,-165.81567506,
690,h2038,-4987.31850807,-162.433348533,
691,220,-5152.14781516,-167.880718052,0.0006218235045427408
692,GS1500z,-4986.99244526,-166.553439718,
693,7409,-4950.89862803,-163.357709881,
694,7408,-4925.94855663,-162.548986147,
695,7405,-4895.8518375,-161.564136896,
696,7404,-4865.88875884,-160.575749712,
697,7407,-4925.87213051,-164.06833808,
698,7406,-4895.78049642,-163.079996005,
699,7403,-4865.78956521,-162.091371171,
700,h0039,-5127.17221489,-167.052793011,
701,7430,-5152.11457692,-171.467804806,
702,7431,-5177.21150782,-172.287073344,
703,7432,-5177.31966844,-170.771999979,
704,7419,-5025.78408144,-167.333170932,
705,226,-5304.2237402,-172.871642773,0.000235681044082828
706,225,-5279.11326314,-177.544227294,0.00023467461264395823
707,224,-5254.46076856,-171.249837747,0.0004906474081118566
708,223,-5228.68621019,-175.827227267,0.000179812295462286
709,222,-5202.26191037,-169.51562205,0.0004115596584717167
710,221,-5177.14725485,-174.179478701,0.0004356458512596118
711,7427,-5126.34619311,-169.105480819,
712,7426,-5101.2879603,-168.286136034,
713,7425,-5101.17468024,-169.805407805,
714,7424,-5076.3290657,-168.98551033,
715,7423,-5076.39748268,-167.468305317,
716,7422,-5051.32514946,-166.649827585,
717,7421,-5051.20265749,-168.166297172,
718,7420,-5025.86242057,-165.815721775,
719,7429,-5152.22426237,-169.951220653,
720,7428,-5126.26743527,-170.620079787,
721,230,-5404.32432563,-176.173521462,0.0005260995518879842
722,231,-5429.14244835,-182.52325166,0.00020723655073508568
723,232,-5454.19759411,-177.804683069,0.0010404029764132616
724,7434,-5177.24240777,-170.769112345,
725,7435,-5202.21629653,-171.582706051,
726,7436,-5202.07165267,-173.098514334,
727,7437,-5228.68769554,-173.966037024,
728,7433,-5177.19915909,-172.287896292,
729,7438,-5228.74843386,-172.446382917,
730,7439,-5254.29227757,-173.278095006,
731,h0040,-5287.2401044,-172.248599927,
732,229,-5379.08959065,-180.851161409,0.00041737470664317397
733,228,-5354.23026942,-174.505082772,1.8005225245656361e-07
734,227,-5329.01269768,-179.192472364,0.00022565199698099407
735,7441,-5279.16774964,-175.615066489,
736,7440,-5254.17940407,-174.793944486,
737,7443,-5304.19157192,-174.923093354,
738,7442,-5279.26569626,-174.098808185,
739,7445,-5329.15455037,-177.265532999,
740,7444,-5304.11188599,-176.438770396,
741,7446,-5329.27616618,-175.748854068,
742,h2041,-5487.19748439,-178.897706599,
743,238,-5604.925032,-182.845845959,0.0012084790623857226
744,234,-5504.31913024,-179.488250155,0.00024492127192119503
745,235,-5529.46379139,-185.804160067,0.0006573501969099348
746,236,-5554.17552322,-181.135050313,0.000286290386679683
747,237,-5579.15205224,-187.441811315,8.836732073758263e-09
748,233,-5479.00921819,-184.125254674,0.00038671147483039444
749,7456,-5429.24921948,-179.041174639,
750,7457,-5454.19631638,-179.862481393,
751,7454,-5404.12964005,-179.732146168,
752,7455,-5429.13047139,-180.558040519,
753,7452,-5379.20558349,-177.393395273,
754,7453,-5404.25378761,-178.214015548,
755,7450,-5354.17495767,-178.085603116,
756,7451,-5379.16670776,-178.910578127,
757,7458,-5454.14632118,-181.380820632,
758,7459,-5479.19032701,-180.688459716,
759,GS1000z,-5486.97591054,-180.447914077,
760,h2032,-5447.22592581,-177.573346641,
761,7447,-5329.15767605,-177.265021631,
762,7449,-5354.18633397,-176.566247499,
763,7448,-5329.27515158,-175.74779381,
764,7460,-5479.07764078,-182.203377287,
765,239,-5629.59188317,-189.165887451,0.00013961082302424072
766,7470,-5579.23587912,-183.982921872,
767,7471,-5604.77092558,-184.827725886,
768,7472,-5604.66429592,-186.344003727,
769,244,-5754.29626963,-187.797103705,0.0007239933676240819
770,241,-5679.56540429,-190.828832777,6.597172828775643e-05
771,240,-5654.65356333,-184.49107859,4.98047152468577e-05
772,243,-5729.24616037,-192.461176524,0.0001229923956388609
773,242,-5704.8146209,-186.138233029,0.00045530559273929187
774,7469,-5579.13999039,-185.503193855,
775,7468,-5554.04576667,-184.673915604,
776,7463,-5504.22207747,-181.511969814,
777,7462,-5479.18910397,-180.687209909,
778,7461,-5479.10295106,-182.203794764,
779,7467,-5554.19167657,-183.155659608,
780,7466,-5529.77604702,-182.356116243,
781,7465,-5529.6640045,-183.871998891,
782,7464,-5504.14857361,-183.029589461,
783,7483,-5754.29651598,-189.755578893,
784,250,-5902.88109608,-192.711717356,0.00029970976872652634
785,7478,-5679.65400261,-187.294167137,
786,7479,-5704.65231146,-188.118356545,
787,7473,-5629.64029966,-187.166185869,
788,7474,-5629.7204282,-185.648271675,
789,7475,-5654.66769172,-186.475359356,
790,7476,-5654.61934367,-187.993977046,
791,7477,-5679.55794997,-188.811047483,
792,245,-5779.17100247,-194.11698288,0.0003715627707567736
793,247,-5827.96391795,-195.729767296,0.00031638648655796014
794,246,-5804.534154,-189.463967456,5.069232567959309e-06
795,7480,-5704.39315287,-189.631473918,
796,7482,-5729.41690495,-188.934306256,
797,249,-5877.72248018,-197.328603131,0.00024231439102848865
798,248,-5852.99999322,-191.076263853,0.0003881496475068874
799,7485,-5779.36508937,-190.586947124,
800,7484,-5754.20215534,-191.272753437,
801,7486,-5779.31830922,-192.106822337,
802,7481,-5729.35038178,-190.453832506,
803,h0044,-5746.89690267,-187.52948683,
804,256,-6052.57087039,-197.648509293,0.0005482528905380607
805,252,-5953.02019183,-194.378580628,0.0003309334708637476
806,253,-5977.57958693,-200.670309995,0.00024151109030073607
807,251,-5927.74610913,-198.995728367,1.4623118962386523e-07
808,254,-6002.85715642,-196.05146105,0.000155391609090356
809,255,-6027.72360129,-202.323730173,0.00012441030754397042
810,258,-6102.61483063,-199.348867833,0.00015630261993176422
811,259,-6127.8860968,-205.61037388,0.0005498078771570343
812,257,-6077.71492837,-204.003791931,0.0004366898105624139
813,7514,-6077.86299187,-200.462984926,
814,7513,-6077.76574223,-201.976633792,
815,7512,-6052.60336178,-201.141954682,
816,7511,-6052.69375328,-199.625893593,
817,7510,-6027.80883975,-198.796409146,
818,GS0500z,-5986.45979826,-199.446730292,
819,262,-6202.53988171,-202.654580865,0.0006042794327702165
820,261,-6177.61508494,-207.256274607,9.820681789873512e-05
821,260,-6152.57554488,-200.994901983,0.0004830349258236193
822,7504,-5952.75982181,-197.835275423,
823,7505,-5977.7722463,-198.664876282,
824,7506,-5977.89821335,-197.150345814,
825,7507,-6002.86326929,-197.974038994,
826,7501,-5927.8038311,-197.015935938,
827,7502,-5927.87277347,-195.49810797,
828,7503,-5952.88373083,-196.320965945,
829,7508,-6002.61184528,-199.484104748,
830,7509,-6027.79224227,-200.319736777,
831,h1977hp,-6186.71770878,-202.060815542,
832,7517,-6102.72862545,-201.282908549,
833,7516,-6077.8563904,-200.461707463,
834,7515,-6077.765097,-201.975969683,
835,7519,-6127.74782315,-203.63577845,
836,7518,-6102.60616997,-202.799279295,
837,263,-6227.60788965,-208.953475098,0.00036869970773694024
838,267,-6327.51825816,-212.29313574,6.922118212212368e-05
839,266,-6302.75932519,-205.919218333,7.347348158551088e-05
840,265,-6277.46321156,-210.617466395,0.00028278072872784586
841,264,-6252.37544368,-204.26765937,0.00016865915344657528
842,268,-6352.78193099,-207.558017021,0.0009107508014962127
843,h1978hp,-6186.71802598,-202.06058864,
844,7522,-6152.26407342,-204.444825504,
845,7523,-6177.59164924,-205.280946504,
846,7520,-6127.83235549,-202.117500605,
847,7521,-6152.35891224,-202.924761298,
848,7526,-6202.60271933,-206.112807469,
849,7527,-6227.78124861,-205.424141897,
850,7524,-6177.72613453,-203.765393783,
851,7525,-6202.66921759,-204.592928784,
852,7528,-6227.66530918,-206.939740349,
853,270,-6402.84859287,-209.251140979,0.0004086014366800933
854,271,-6428.53181757,-215.529271705,1.027556690469311e-08
855,272,-6453.14595989,-210.90954671,4.855652451579879e-05
856,273,-6478.08255194,-217.086900316,0.0001930740207245505
857,274,-6502.19892424,-212.529547212,0.0005090517902264843
858,269,-6377.59429879,-214.062521893,0.0004208257960554018
859,7539,-6352.70472628,-209.564899358,
860,7538,-6327.71076625,-208.735906248,
861,7535,-6302.68782348,-207.905334394,
862,7534,-6277.75803221,-207.080972854,
863,7537,-6327.64933257,-210.254767835,
864,7536,-6302.55809914,-209.422260391,
865,7531,-6252.29816103,-206.239039425,
866,7530,-6227.78047662,-205.422597314,
867,7533,-6277.66873168,-208.597054697,
868,7532,-6252.09473804,-207.755263255,
869,1997h,-6346.53331298,-207.32893375,
870,OGS0000,-6486.44748415,-213.496205075,
871,7540,-6352.56429933,-211.0804219,
872,7541,-6377.67182437,-211.912957628,
873,7542,-6377.71513361,-210.394865864,
874,7529,-6227.6674222,-206.940016682,
875,280,-6653.19061841,-217.536715335,0.00030971233419924984
876,275,-6527.09060932,-218.827203901,0.0009387452769565052
877,276,-6552.36149245,-214.176571971,0.00021720565404055145
878,277,-6578.22674774,-220.537836012,0.00019481290245366298
879,278,-6603.23334414,-215.831674328,0.00023910322120537482
880,279,-6628.11041052,-222.20692662,0.00030521336683140155
881,7543,-6377.67625816,-211.919014491,
882,7544,-6377.71831651,-210.400382569,
883,7570,-6678.09234129,-221.867003806,
884,7559,-6552.22325596,-216.167412515,
885,7558,-6527.23361759,-215.34023365,
886,281,-6678.14832307,-223.939467889,0.0003738258685217411
887,283,-6728.0653523,-225.477622119,0.00015183048605215766
888,282,-6703.24306674,-219.182439274,7.04296634338104e-05
889,7557,-6527.14919624,-216.859585976,
890,284,-6752.03931711,-220.81466082,0.00017047143093509664
891,286,-6801.97541576,-222.463820656,8.525456092092139e-06
892,h2014,-6648.01821554,-217.297263352,
893,17566,-6653.10387322,-219.514707499,
894,17565,-6653.10397038,-219.514733029,
895,7566,-6628.17574164,-218.687611268,
896,7567,-6653.10387466,-219.514695119,
897,7564,-6603.0138595,-219.375187506,
898,7565,-6628.1207586,-220.207413319,
899,7562,-6578.25375052,-217.032739681,
900,7563,-6603.13218902,-217.848454917,
901,7560,-6552.09083958,-217.685125255,
902,7561,-6578.15415665,-218.550463492,
903,285,-6777.03963114,-227.150641132,4.851047020689279e-05
904,7568,-6653.0344163,-221.035995308,
905,7569,-6678.13813832,-220.347119869,
906,h0050,-6787.68030567,-221.97390857,
907,7571,-6678.13293817,-221.867913299,
908,GS0500v,-6867.81345741,-228.648414958,0.0025729693686874938
909,7573,-6703.13866095,-221.175363327,
910,7572,-6678.20032843,-220.346650894,
911,7575,-6728.10309549,-223.526888254,
912,7574,-6703.01302605,-222.69464333,
913,7577,-6752.11909166,-222.800400795,
914,7576,-6728.18116947,-222.007649477,
915,7579,-6777.10721972,-225.148440047,
916,7578,-6752.02350849,-224.319492472,
917,289,-6876.9883241,-230.44335781,0.00038327846524798437
918,288,-6852.16808683,-224.123487801,0.0001517080803318097
919,287,-6827.05973925,-228.859136898,0.0004988857893973818
920,290a,-6928.16250286,-226.678898082,0.0005800386259943658
921,7580,-6777.16803103,-223.628598998,
922,7581,-6801.99294848,-225.972981762,
923,7582,-6827.17942579,-225.280998732,
924,7583,-6827.11064538,-226.806827415,
925,290,-6902.36012444,-225.708556345,0.00022618121153328746
926,291,-6953.02007746,-232.99493227,0.0002449563105514128
927,h0051,-6947.54763222,-227.188398191,
928,7597,-6978.04502316,-230.285428327,
929,7596,-6977.98332687,-231.806594234,
930,7595,-6953.18367332,-229.462969995,
931,7594,-6953.10876943,-230.981457615,
932,7593,-6928.02075162,-230.14561783,
933,7592,-6928.05165664,-228.62540967,
934,7591,-6902.04037259,-229.291449683,
935,7590,-6902.17722141,-227.774868749,
936,7588,-6877.1156939,-228.466138562,
937,7589,-6877.1765227,-226.944411079,
938,7584,-6827.09849058,-226.805516254,
939,7585,-6827.19010502,-225.288796899,
940,7586,-6852.08790633,-226.114430295,
941,7587,-6851.98593012,-227.633781618,
942,296,-7078.17821694,-231.627440153,0.0006117320924786493
943,297,-7104.17668706,-237.988328428,0.00019704242166962603
944,294,-7028.06139168,-229.965096058,0.00010364664696110928
945,295,-7053.13237769,-236.367630661,0.00014698589138722285
946,292,-6977.99519458,-228.321170053,0.000136468283879163
947,293,-7002.95079837,-234.664141878,5.303728007663104e-05
948,7599,-7128.92623227,-236.810172556,
949,7598,-7129.01136345,-235.295144736,
950,300,-7179.23589395,-234.944653131,0.00025675864322746375
951,301,-7201.48493862,-241.287741997,0.00046067412150653866
952,302,-7225.62629023,-236.552505735,0.00020988223779570082
953,303,-7250.54784027,-242.809055451,0.000894933995218962
954,298,-7129.02693969,-233.286560563,0.000270393286718882
955,299,-7154.03441026,-239.674217033,0.0003788940551017076
956,7619,-7250.64916238,-239.324960175,
957,7614,-7201.56168256,-239.218131547,
958,7615,-7201.57245772,-237.699446645,
959,7616,-7225.52064295,-238.495617432,
960,7617,-7225.43527265,-240.011907983,
961,7610,-7154.04359888,-237.645700361,
962,7611,-7154.11352931,-236.129180629,
963,7612,-7179.11910347,-236.956331886,
964,7613,-7178.91699631,-238.468254017,
965,GS1000v,-7367.28321546,-242.692868828,
966,308,-7375.85973195,-241.5250129,0.00012996214754281197
967,309,-7401.06662197,-247.857890103,0.0006003472271864569
968,h1956h,-7227.3272917,-236.563405613,
969,304,-7276.07122995,-238.222471061,0.0005415842398047404
970,305,-7300.97553356,-244.52262236,6.982184951215746e-05
971,306,-7325.89582589,-239.8036564,0.00022807680017217623
972,307,-7350.85912915,-246.210647869,0.0004433214910746523
973,7621,-7276.01487074,-241.687032382,
974,7620,-7276.02691886,-240.166979825,
975,7609,-7128.93240077,-236.81225636,
976,7608,-7129.05325487,-235.297040081,
977,313,-7501.40893953,-251.091676079,0.00043924471860104356
978,312,-7476.49437112,-244.804550896,0.00033284221551159216
979,311,-7450.96139113,-249.442716728,1.7022987059652757e-05
980,310,-7426.03168824,-243.187635349,0.00026022914592888546
981,315,-7551.37904585,-252.789380516,0.00011389086253097914
982,314,-7526.48387391,-246.469329996,0.0005052565044879793
983,319,-7650.90048545,-256.127930429,0.0003774823911486756
984,318,-7625.91393475,-249.737166391,0.0001733943227720988
985,317,-7600.90374397,-254.488503349,5.17213962221847e-05
986,316,-7576.30517503,-248.117802603,0.00027055911662112695
987,7638,-7451.01397939,-247.49915677,
988,7639,-7451.0497341,-245.977863388,
989,7636,-7425.98168537,-245.144577786,
990,7637,-7425.92598082,-246.658078595,
991,320,-7675.85825333,-251.440857469,0.0002435052328839833
992,321,-7700.83810139,-257.727026305,2.8057435736961327e-05
993,h2024h,-7467.1905134,-244.555912331,
994,7643,-7501.57508321,-247.656254264,
995,7642,-7501.51205614,-249.17555173,
996,7641,-7476.37801047,-248.336614652,
997,7640,-7476.45904181,-246.817519213,
998,7647,-7551.57387855,-249.314373257,
999,7645,-7526.35931391,-249.99570953,
1000,7644,-7526.4572235,-248.479555354,
1001,7649,-7576.45382583,-250.140470954,
1002,7648,-7576.35671171,-251.654996214,
1003,7650,-7576.42123317,-250.139683372,
1004,7651,-7576.35189588,-251.656974546,
1005,7652,-7600.98030195,-252.476380224,
1006,7653,-7600.94245625,-250.953429431,
1007,7654,-7625.93828171,-251.780741581,
1008,h2090h,-7667.14723546,-251.020402924,
1009,7656,-7650.93626852,-254.130782231,
1010,7657,-7651.01024758,-252.615801797,
1011,7658,-7675.93239839,-253.442381305,
1012,7659,-7675.82366383,-254.957898185,
1013,322,-7725.8028139,-253.094971766,7.356554687306775e-07
1014,323,-7750.90382554,-259.447319714,0.00032070953155180574
1015,326,-7832.19003162,-256.632209552,0.00023485902546797102
1016,327,-7857.34143672,-262.953111103,0.00014332893419700057
1017,324,-7778.42628169,-254.838047398,0.00023644560570447494
1018,325,-7806.72768997,-261.240907427,0.0004526023720836143
1019,7661,-7701.02682868,-254.275662201,
1020,7660,-7700.90942049,-255.791211338,
1021,7663,-7725.80489494,-256.612962664,
1022,7662,-7725.86866755,-255.099604419,
1023,7655,-7625.93284546,-253.298658085,
1024,331,-7957.93965426,-266.317520591,2.303729769924006e-05
1025,330,-7932.72340405,-259.894829129,9.77222174447084e-05
1026,333,-8009.14029308,-268.078157271,0.00021648101782521868
1027,332,-7984.07438776,-261.665156554,0.0004335116646511207
1028,7676,-7882.55155402,-261.826360484,
1029,7677,-7882.69510016,-260.313115176,
1030,7674,-7857.23075032,-260.982363572,
1031,7675,-7857.37104361,-259.470764616,
1032,7672,-7832.33104274,-258.637402905,
1033,7673,-7832.26403586,-260.154546918,
1034,7670,-7806.90807228,-259.312506202,
1035,7671,-7806.97153254,-257.790989412,
1036,328,-7882.77822984,-258.26042263,0.00025298122835438526
1037,329,-7907.52751293,-264.625438351,0.00027985557722128056
1038,7669,-7778.30268765,-258.361832111,
1039,7668,-7778.37981186,-256.842891568,
1040,7665,-7725.81467768,-256.618731301,
1041,7664,-7725.8648434,-255.098806842,
1042,7667,-7750.91108973,-255.933063322,
1043,7666,-7750.92555194,-257.451962245,
1044,h2010h,-7767.09508667,-254.419287155,
1045,339,-8156.47770243,-272.879177554,0.0001939982578654648
1046,338,-8132.8523222,-266.576758177,0.00025356180936696133
1047,335,-8059.08552774,-269.672380633,0.00018545733377953565
1048,334,-8034.1359349,-263.340517736,0.00046795678966019455
1049,337,-8109.19415434,-271.34217305,0.0003341791199197995
1050,336,-8084.21352916,-264.954889927,0.0004395138118949453
1051,7678,-7882.55035442,-261.827830902,
1052,7679,-7882.69356316,-260.311766157,
1053,7690,-8034.1706313,-265.346380946,
1054,7691,-8034.19974527,-266.865822473,
1055,h2078h,-7967.08841941,-261.014934364,
1056,7687,-7984.19204837,-265.207517808,
1057,7686,-7984.1526442,-263.686562084,
1058,7685,-7958.01328687,-264.334024195,
1059,7684,-7958.13635018,-262.819353323,
1060,7683,-7932.59979652,-261.966641135,
1061,7682,-7932.52764381,-263.485231754,
1062,7681,-7907.63306052,-262.659536533,
1063,7680,-7907.72574853,-261.144538837,
1064,7689,-8009.25252726,-264.51867466,
1065,7688,-8009.19006055,-266.034219958,
1066,344,-8282.21705036,-271.557557831,0.00011739830787315412
1067,345,-8306.86447707,-277.915170946,0.00024108128904370922
1068,7694,-8059.12190077,-267.69070944,
1069,7695,-8059.26876859,-266.177515515,
1070,7696,-8084.17318706,-266.999223191,
1071,7697,-8084.11721729,-268.513728596,
1072,340,-8181.85250885,-268.223048863,0.0002329155760958269
1073,341,-8206.54822856,-274.588243041,0.00033075442034838473
1074,7692,-8034.17044404,-265.34654112,
1075,7693,-8034.20138894,-266.8657354,
1076,7698,-8109.15981114,-269.346188117,
1077,7699,-8109.22851169,-267.830088014,
1078,342,-8231.50750743,-269.857456039,0.00036103250475250586
1079,343,-8256.44817074,-276.249443658,0.0003126734169243384
1080,7704,-8181.79896979,-270.236228984,
1081,7705,-8181.64606177,-271.747825064,
1082,7702,-8156.55690612,-270.917948242,
1083,7703,-8156.68225543,-269.405092048,
1084,7700,-8132.81034305,-268.598946965,
1085,7701,-8132.62567526,-270.111708157,
1086,h2076h,-8087.01001845,-265.008222823,
1087,7711,-8231.59486223,-273.398600101,
1088,7710,-8231.6542713,-271.883560002,
1089,7713,-8256.62500972,-272.709904017,
1090,7712,-8256.51336488,-274.219943922,
1091,7715,-8282.1254778,-275.073719804,
1092,7714,-8282.20652198,-273.560421004,
1093,7717,-8307.1266603,-274.3863699,
1094,7716,-8306.98491673,-275.899637647,
1095,7719,-8332.12804437,-276.726412743,
1096,7718,-8332.1821122,-275.211733926,
1097,346,-8332.17725567,-273.190978569,0.00014609824318919838
1098,347,-8357.00401495,-279.625086589,0.00019848290401620048
1099,348,-8382.10822232,-274.829452865,0.0005131491939640333
1100,349,-8407.33594393,-281.218573178,0.00018197541358178128
1101,h2028h,-8266.88071406,-270.992078474,
1102,7706,-8181.79088699,-270.235454191,
1103,7707,-8181.6326734,-271.747327732,
1104,7708,-8206.66534007,-272.573329381,
1105,7709,-8206.76038334,-271.061138262,
1106,351,-8457.14135057,-282.836108331,0.0003762017437736168
1107,350,-8431.64623659,-276.44557105,0.00012680306784471215
1108,357,-8607.94131728,-287.826644897,2.858929498754487e-08
1109,7729,-8431.43788945,-280.010517011,
1110,7733,-8483.06424293,-281.715049043,
1111,7732,-8483.19447093,-280.198163339,
1112,7731,-8457.07876356,-279.33556498,
1113,7730,-8457.05793418,-280.854101168,
1114,h2046h,-8366.76286812,-274.280423649,
1115,7728,-8431.5717026,-278.498630214,
1116,356,-8583.08249799,-281.472450308,0.0001969087668900223
1117,355,-8557.81321514,-286.175135066,0.0002505312432408463
1118,354,-8533.13008617,-279.846525593,0.0003850051589670763
1119,353,-8507.85048969,-284.541122933,0.00023540419127075936
1120,352,-8483.21550145,-278.160629322,0.00019417305249289944
1121,7720,-8332.18117889,-275.21041999,
1122,7721,-8332.12847812,-276.727362177,
1123,7722,-8357.08084035,-277.5532061,
1124,7723,-8357.19899617,-276.038764133,
1125,7724,-8382.19929722,-276.869842113,
1126,7725,-8381.97120431,-278.377243055,
1127,7726,-8407.46150126,-279.220247147,
1128,7727,-8407.59339169,-277.705667657,
1129,361,-8706.92420855,-291.130645591,0.0002981124442741296
1130,h2065h,-8566.67844419,-280.882810065,
1131,7742,-8583.06032164,-283.500884933,
1132,7743,-8582.92415103,-285.014714362,
1133,7739,-8532.94829073,-283.360668013,
1134,7738,-8533.04649471,-281.844280964,
1135,362,-8731.88613046,-286.418250721,0.0003504130640368911
1136,363,-8758.66779969,-292.794084593,0.0001754243739415556
1137,360,-8682.06451265,-284.755818877,0.00010479613784409374
1138,7747,-8632.92535364,-286.660305131,
1139,7741,-8558.0254521,-282.674951784,
1140,358,-8633.01142527,-283.115588567,0.00017735818807703246
1141,7737,-8508.04355656,-281.015890653,
1142,7736,-8507.93737217,-282.528843025,
1143,7740,-8557.91154511,-284.188883455,
1144,7746,-8633.0764513,-285.146222726,
1145,7744,-8607.9025038,-285.831393504,
1146,7745,-8608.01007403,-284.316639511,
1147,7734,-8483.18836118,-280.197922199,
1148,359,-8657.83793789,-289.556512348,0.0001562923969427919
1149,7735,-8483.06729449,-281.713706454,
1150,h2014h,-8706.58630944,-285.529031988,
1151,365,-8808.80932968,-294.478756847,0.0007608167794024739
1152,367,-8858.78723723,-296.177438587,0.00013069264330076613
1153,369,-8910.30172674,-297.851060158,0.00018959235315446618
1154,364,-8783.97743522,-288.085101239,0.00013013762807859638
1155,366,-8834.04236494,-289.785450661,0.00015885257440355322
1156,368,-8883.010417,-291.409831142,0.00043143699977060815
1157,7755,-8707.01262921,-287.583515469,
1158,7754,-8706.90208181,-289.096638858,
1159,7748,-8633.08846745,-285.145255671,
1160,7749,-8632.90838245,-286.661148,
1161,7751,-8658.07289998,-285.969752294,
1162,7750,-8657.87126514,-287.482034363,
1163,7753,-8681.94692479,-288.278247127,
1164,7752,-8682.03992034,-286.761543854,
1165,7777,-8935.2610885,-296.644195207,
1166,7776,-8935.38661754,-295.130074147,
1167,7775,-8910.49430746,-294.30779239,
1168,7774,-8910.37137736,-295.820861504,
1169,7773,-8882.81805331,-294.907841643,
1170,7772,-8882.94835484,-293.394671458,
1171,7771,-8858.97418026,-292.604474846,
1172,7770,-8858.85937742,-294.119135292,
1173,h252064,-8886.51515228,-291.52350847,
1174,369a,-8935.25008114,-298.663720129,0.0008374802583785281
1175,7769,-8833.80484747,-293.29416891,
1176,7764,-8783.98970925,-290.132567253,
1177,7765,-8783.91229114,-291.649023355,
1178,7766,-8808.89486361,-292.473001644,
1179,7767,-8808.98497673,-290.956904216,
1180,371,-8985.59203995,-300.32697544,6.293007810763675e-05
1181,370,-8960.57279255,-293.953377705,9.46033649220326e-06
1182,373,-9035.24280093,-301.963420281,0.0005671743223029191
1183,372,-9010.73016754,-295.558039534,0.00026668352288516006
1184,7768,-8834.02056458,-291.784739825,
1185,374,-9060.75670906,-297.257461186,4.8564410167193956e-05
1186,h2659,-9026.34954995,-296.053280903,
1187,378a,-9185.33193764,-301.390036296,0.0001293433033577689
1188,7779,-8935.3851329,-295.129046241,
1189,7778,-8935.25795419,-296.644857896,
1190,377a,-9160.23451155,-306.117823335,0.0007695413972122047
1191,7788,-9085.21221703,-301.603991419,
1192,7789,-9085.44355596,-300.091458187,
1193,7787,-9060.30148315,-300.776521644,
1194,7784,-9010.87961367,-297.628916459,
1195,7785,-9010.61132739,-299.138260962,
1196,7782,-8985.22802012,-298.295844667,
1197,7783,-8985.367401,-296.783929207,
1198,7780,-8960.46891483,-295.951779043,
1199,7781,-8960.32755578,-297.465332676,
1200,7786a,-9060.43339758,-299.2628346,
1201,378,-9160.92602631,-300.571204574,4.723372809384017e-05
1202,375,-9085.25434666,-303.639281094,0.00030890695592421144
1203,377,-9135.3027798,-305.284345419,0.00017367227225810597
1204,376,-9111.5727103,-298.95958932,0.0002578349701190813
1205,7799,-9185.15764049,-304.902688339,
1206,7798,-9185.31814899,-303.390245875,
1207,h2799h,-9166.2434733,-300.6918704,
1208,7791,-9085.44200206,-300.090208626,
1209,7790,-9085.21597366,-301.601905557,
1210,7793,-9111.30292853,-302.462037236,
1211,7792,-9111.41466056,-300.94378412,
1212,7795,-9146.37588883,-302.09934399,
1213,7794,-9146.22804874,-303.610842368,
1214,7797,-9160.36877433,-302.561254545,
1215,7796,-9160.20481545,-304.075547103,
1216,7801,-9211.3974584,-304.250115727,
1217,7800,-9211.24042151,-305.763666045,
1218,380,-9236.43805238,-302.988715421,7.272744467201165e-05
1219,381,-9261.18873296,-309.454306447,3.552980888597284e-05
1220,383,-9311.13313298,-311.072395841,8.510875535928478e-05
1221,384,-9336.35598634,-306.384946832,0.00017754543294336048
1222,7786,-9085.21588741,-301.601341089,
1223,382,-9287.58187299,-304.749700527,0.0005294903400582301
1224,379,-9211.25576652,-307.804269865,0.0009425413919171165
1225,390,-9487.41836551,-311.350224073,0.00019018333073403198
1226,385,-9361.07873867,-312.772211828,
1227,386,-9387.16522908,-308.097175669,0.0005452368870387013
1228,387,-9411.15329751,-314.416263911,4.428597433310544e-08
1229,388,-9437.35393736,-309.71128216,0.0005292833732266966
1230,389,-9462.21330041,-316.139406261,8.036178277832927e-05
1231,7816,-9361.1728903,-310.724791816,
1232,7817,-9361.26468692,-309.209570159,
1233,7818,-9387.25841279,-310.068312996,
1234,7819,-9387.1394026,-311.583150688,
1235,393,-9562.23604243,-319.484365582,8.526685128322582e-05
1236,392,-9537.13481864,-313.029626643,5.065726658116988e-08
1237,391,-9512.09720361,-317.741437387,0.0006430444376661263
1238,396,-9636.72676119,-316.348733292,0.0002831216109507858
1239,395,-9611.28851086,-321.073903621,0.0002758636191090707
1240,394,-9587.19499246,-314.635843326,0.00041485568155651326
1241,7820,-9411.1232095,-312.376705251,
1242,7829,-9512.12530574,-315.713738646,
1243,7828,-9512.21769128,-314.197800529,
1244,7823,-9437.17200107,-313.24057245,
1245,7822,-9437.25418054,-311.724112426,
1246,7821,-9411.22650591,-310.861194732,
1247,h3099h,-9466.09844061,-310.665094034,
1248,7827,-9487.17003133,-314.887004099,
1249,7826,-9487.34290189,-313.374428768,
1250,7825,-9462.2482437,-312.54627703,
1251,7824,-9462.16521702,-314.06378964,
1252,7838,-9611.53120813,-319.010009768,
1253,397,-9661.18525641,-322.690213523,1.530084069428348e-05
1254,7830,-9512.12241521,-315.713910713,
1255,7831,-9512.22019326,-314.1998285,
1256,7832,-9537.18125038,-315.022542621,
1257,398,-9687.15711831,-317.986539197,0.00022739152244038402
1258,7834,-9562.16939003,-317.367720283,
1259,399,-9712.06199825,-324.369602018,6.218525523293452e-05
1260,7836,-9587.17286047,-316.679376419,
1261,7837,-9587.10695873,-318.195927966,
1262,7833,-9537.11428387,-316.539000674,
1263,7835,-9562.23342933,-315.851877588,
1264,7840a,-9636.68210429,-318.321335869,
1265,402,-9788.13924281,-321.295053935,0.0006839420463243335
1266,401,-9763.17927376,-326.058531126,0.00019895393347351979
1267,400,-9736.99328329,-319.60202193,6.546891024727812e-05
1268,7841,-9636.50770602,-319.835328895,
1269,7842,-9661.16506657,-320.648642497,
1270,7839,-9611.63828557,-317.493811979,
1271,7843a,-9661.25098645,-319.130600864,
1272,h3200h,-9566.17872196,-314.00847145,
1273,7852,-9687.17935876,-320.00148601,
1274,7853,-9687.07139389,-321.517917398,
1275,7850,-9661.18207946,-320.64882405,
1276,7851,-9661.24977403,-319.129981134,
1277,7856,-9736.64740801,-321.643298054,
1278,7857,-9736.55704906,-323.159747446,
1279,7854,-9712.12061096,-322.350482175,
1280,7855,-9712.21674023,-320.836772351,
1281,7859,-9763.11201281,-322.519122282,
1282,7858,-9763.14734355,-324.036551924,
1283,7840b,-9661.18521193,-320.647595989,
1284,407,-9913.96311001,-331.063132467,8.807985154952819e-05
1285,406,-9889.05098604,-324.640798257,0.000286428822387816
1286,405,-9864.07697659,-329.403931115,0.00011190704521990804
1287,404,-9838.06020251,-322.986115145,0.00015578289068125456
1288,403,-9813.01629592,-327.731581257,0.0007685947147071413
1289,408,-9939.06520324,-326.322007827,0.000310791724165349
1290,7863,-9813.11670873,-325.698502521,
1291,7862,-9813.18776611,-324.181944178,
1292,7861,-9787.99624871,-324.863237838,
1293,7860,-9788.0607151,-323.344830966,
1294,h3400,-9765.9705271,-320.565232291,
1295,7843,-9661.18219937,-320.648028235,
1296,7874,-9939.02184298,-328.360948335,
1297,7875,-9938.91344247,-329.877717923,
1298,7876,-9964.99271028,-329.227804375,
1299,7877,-9964.91889556,-330.742860826,
1300,7870,-9888.9895934,-326.700899888,
1301,7871,-9888.9401104,-328.215300625,
1302,7872,-9913.94297626,-329.050152317,
1303,7873,-9914.00957235,-327.53448376,
1304,h3560h,-9925.70314012,-325.860618482,
1305,409,-9964.8984824,-332.757474617,0.0004973874147000394
1306,7867,-9837.96336004,-326.524297448,
1307,7866,-9838.04400275,-325.007153163,
1308,7865,-9813.18735736,-324.181871089,
1309,7864,-9813.11345545,-325.699000916,
1310,7869,-9864.06103148,-325.869097061,
1311,7868,-9864.08137917,-327.385580872,
1312,414,-10088.4251794,-331.335959491,6.103286944393131e-05
1313,410,-9990.09600326,-328.055178422,0.0002508266425270133
1314,411,-10014.896528,-334.388213117,0.00023916817452745046
1315,412,-10040.1138016,-329.703832208,0.0002732038512287118
1316,413,-10063.879561,-336.05793935,6.71604317599762e-05
1317,3679,-10045.746899,-329.838907496,
1318,7878,-9964.921655,-330.742186499,
1319,7879,-9965.00911363,-329.227721042,
1320,7889,-10088.3543695,-334.854040862,
1321,7888,-10088.4717322,-333.338034408,
1322,7881,-9989.89554626,-331.57072182,
1323,420,-10238.3971764,-336.277925777,0.00045463900881858395
1324,7883,-10015.0086671,-330.896018726,
1325,7882,-10014.8978347,-332.411146701,
1326,7885,-10039.850867,-333.247472799,
1327,7884,-10039.9868473,-331.732230411,
1328,7887,-10064.0860754,-332.529949101,
1329,7886,-10063.9500904,-334.043571597,
1330,7880,-9989.96930476,-330.055329168,
1331,415,-10113.3899267,-337.687491936,0.0007075637469856384
1332,416,-10138.4334463,-332.988402471,0.0004255066768267342
1333,417,-10163.3485431,-339.373709875,0.000308580890876872
1334,418,-10188.4420244,-334.591050827,0.00038984416985779474
1335,419,-10213.4197999,-341.064054502,1.57209685955373e-05
1336,7890,-10113.4463367,-334.160398448,
1337,7891,-10113.3582258,-335.676536571,
1338,421,-10264.7102984,-342.714537327,0.0006149862871782591
1339,423,-10314.3241626,-344.346909896,0.000330156997430842
1340,422,-10289.8742426,-338.03859895,1.0612600283733247e-08
1341,425,-10364.1601301,-346.037958584,5.241052462825135e-05
1342,424,-10338.7030006,-339.653118797,0.0002886131318190549
1343,426,-10388.3728181,-341.24809046,0.0039638877207530555
1344,7900,-10213.440711,-338.997953521,
1345,7901,-10213.4405824,-337.479491131,
1346,7902,-10238.4012263,-338.311980417,
1347,7903,-10238.3044012,-339.82724572,
1348,7904,-10264.8930359,-339.192801372,
1349,7905,-10264.7882006,-340.709294071,
1350,h3859h,-10225.5973779,-335.863672666,
1351,7892,-10113.3536407,-335.669083299,
1352,7893,-10113.4420431,-334.153959208,
1353,7898,-10188.4316377,-336.649625363,
1354,7899,-10188.3129303,-338.164364195,
1355,7896,-10163.3330228,-337.337991537,
1356,7897,-10163.4210394,-335.819616213,
1357,7894,-10138.4559547,-334.989221339,
1358,7895,-10138.301926,-336.504504562,
1359,427a,-10414.2560974,-347.708595321,9.594873362358125e-08
1360,7913,-10338.262911,-343.148172093,
1361,7912,-10338.5345784,-341.636169861,
1362,7911,-10314.3744777,-340.836840176,
1363,7910,-10314.3900546,-342.354573868,
1364,7916,-10388.2484527,-344.808727217,
1365,7915,-10364.3718412,-342.495587914,
1366,7914,-10364.2577274,-344.011712843,
1367,h3979h,-10345.492879,-339.832591751,
1368,7917a,-10388.3224533,-343.291551983,
1369,429,-10464.2314353,-349.354645934,0.00012434482120311105
1370,428,-10439.3077353,-342.961726249,0.0006543858369883679
1371,427,-10388.1813733,-346.830264417,0.00026964739137229463
1372,7908,-10289.8899056,-340.024415885,
1373,7909,-10289.7677884,-341.540630025,
1374,7906,-10264.7797417,-340.708596959,
1375,7907,-10264.8869239,-339.193058182,
1376,430,-10490.2962537,-344.654316206,0.00020649819186867617
1377,431,-10515.2776052,-351.118508602,0.000478114306485666
1378,7953,-10540.294555,-348.339388205,
1379,7952,-10540.1981057,-349.854934916,
1380,7951,-10515.3065106,-347.512470416,
1381,7950,-10515.2322415,-349.027201838,
1382,7917,-10388.2509005,-344.817421694,
1383,7944,-10439.3264395,-344.986858516,
1384,7945,-10439.2282884,-346.503042505,
1385,7946,-10464.2369462,-347.3360935,
1386,7947,-10464.3147989,-345.816081195,
1387,7940,-10388.2507045,-344.817261138,
1388,7941,-10388.3219806,-343.299553505,
1389,7942,-10414.2784404,-345.681116979,
1390,7943,-10414.3438375,-344.163217648,
1391,7948,-10490.3096746,-346.674282106,
1392,7949,-10490.1917589,-348.192550149,
1393,436,-10639.7814569,-349.675968735,0.0002718287175544302
1394,437,-10664.8653371,-356.067529308,0.00013175227790787164
1395,434,-10590.1801851,-348.029176364,0.00013803117174549095
1396,435,-10615.2523549,-354.423228203,0.00025865604608091064
1397,432,-10540.2867707,-346.301870148,0.00010040383745019367
1398,433,-10567.3484986,-352.800639476,0.00037964731003458854
1399,h4339h,-10505.3230198,-345.11150618,
1400,7957,-10567.2842236,-349.240914441,
1401,7956,-10567.2397531,-350.76071158,
1402,7955,-10540.2103155,-349.855949857,
1403,7954,-10540.2937289,-348.340463294,
1404,7959,-10590.1880652,-351.527861939,
1405,7958,-10590.2726376,-350.011236448,
1406,h4299h,-10665.3121499,-350.452074243,
1407,443,-10815.1842985,-361.041502532,0.0004281078502605725
1408,442,-10790.2190107,-354.627519175,0.00027878692824403903
1409,441,-10764.7118098,-359.370585525,0.0002862355489422457
1410,440,-10740.4046195,-352.985851973,7.582043469612152e-06
1411,7962,-10639.7797012,-351.665635116,
1412,7963,-10639.6548264,-353.179876698,
1413,7960,-10615.2442724,-352.370906095,
1414,7961,-10615.4109755,-350.857268243,
1415,7966,-10690.2582929,-353.341316977,
1416,7967,-10690.1775133,-354.860106177,
1417,7964,-10664.814014,-354.014669924,
1418,7965,-10664.8984761,-352.498448085,
1419,438,-10715.2933142,-352.171571729,50.249009452775745
1420,439,-10715.2345009,-357.729710458,0.0006074060295062645
1421,h4399h,-10765.2361963,-353.807042464,
1422,7979,-10815.2487343,-357.488186307,
1423,7978,-10815.1631998,-359.00411513,
1424,7975,-10764.7326131,-355.813355025,
1425,7974,-10764.6869654,-357.330096615,
1426,7977,-10790.1323325,-358.171569363,
1427,7976,-10790.1914139,-356.656477019,
1428,7971,-10715.2763359,-354.173220163,
1429,7970,-10715.2027884,-355.691976689,
1430,7973,-10740.1558366,-356.513845857,
1431,7972,-10740.2393666,-354.997840413,
1432,7980,-10840.3390884,-358.317591981,
1433,7981,-10840.2554023,-359.835111534,
1434,449,-10964.6058873,-366.005449271,0.0012106839163198867
1435,448,-10940.3234721,-359.68396963,0.0003646318101133816
1436,447,-10915.2103008,-364.332932935,0.00034719874014157753
1437,446,-10889.9844992,-358.019652512,0.0001130573427421377
1438,445,-10865.2672337,-362.669347521,0.0003856339591776204
1439,444,-10840.2533934,-356.270223701,2.627264787557622e-05
1440,7968,-10689.912893,-353.329846931,
1441,7969,-10689.8088475,-354.849278214,
1442,450,-10965.4376647,-360.493890276,9.649833412391653e-05
1443,451,-10988.7236382,-366.770754844,0.0005579717275262481
1444,452,-11014.6986706,-362.135800857,0.00036102459680846814
1445,453,-11039.0630343,-368.39197971,2.7548999943839984e-05
1446,454,-11064.1352627,-363.757635244,9.222301216088199e-05
1447,455,-11089.0830843,-370.155211451,0.0001661622058887891
1448,7982,-10840.332971,-358.317906383,
1449,7983,-10840.2560093,-359.834840904,
1450,7984,-10865.2257157,-360.669652086,
1451,7985,-10865.2659939,-359.150167265,
1452,7986,-10889.8060229,-359.963017767,
1453,7987,-10889.6016813,-361.474413447,
1454,7988,-10915.1105202,-362.325546656,
1455,7989,-10915.2268251,-360.809694803,
1456,h4559h,-10925.1093472,-359.10215482,
1457,7993,-10965.2182305,-363.980009363,
1458,7992,-10965.3148335,-362.465588611,
1459,7991,-10940.0718166,-363.15617045,
1460,7990,-10940.2426723,-361.643417958,
1461,458,-11161.6161177,-366.932066034,0.0005441119764684555
1462,459,-11186.9535598,-373.367822022,0.00022440579011374402
1463,456,-11114.1374072,-365.38780752,6.229734252670001e-05
1464,457,-11139.1278707,-371.790768843,0.00046224762401893065
1465,h4699h,-11065.1387331,-363.7402916,
1466,461,-11236.2371258,-374.97218671,0.00025168429009109444
1467,460,-11212.100078,-368.617058021,8.599059845358192e-07
1468,8004,-11089.0752998,-368.09863855,
1469,8005,-11089.2620035,-366.584475106,
1470,8006,-11114.1610202,-367.408504874,
1471,8007,-11114.095909,-368.928964856,
1472,8000,-11039.0982737,-366.440015415,
1473,8001,-11039.1931194,-364.921431879,
1474,8002,-11064.1393814,-365.753047819,
1475,8003,-11064.1017758,-367.269317249,
1476,7997,-10988.8373159,-363.250835042,
1477,7996,-10988.7223297,-364.764306798,
1478,7995,-10965.2229435,-363.980871801,
1479,7994,-10965.3258142,-362.467514948,
1480,7999,-11014.6078685,-365.626495658,
1481,7998,-11014.7483055,-364.111645241,
1482,8019,-11236.1153901,-371.450646241,
1483,8018,-11236.0699347,-372.967096459,
1484,8017,-11212.0452198,-372.172596924,
1485,8016,-11212.0760826,-370.655458558,
1486,8015,-11187.109835,-369.828839955,
1487,8014,-11187.0295232,-371.345479564,
1488,8013,-11161.5456017,-370.502903679,
1489,8012,-11161.64694,-368.980136641,
1490,8011,-11139.1570326,-368.239178794,
1491,8010,-11139.0566666,-369.754949654,
1492,465,-11335.9759251,-378.287354831,0.0003926898919119791
1493,464,-11310.5769022,-371.945590218,0.0003087662977585647
1494,467,-11384.4958487,-379.869276035,3.979204068995652e-05
1495,466,-11361.1818488,-373.627980399,8.558523215930234e-05
1496,463,-11285.5995177,-376.621986558,0.0001872759657283755
1497,462,-11260.8935401,-370.26924767,0.00010856553436041212
1498,8008,-11114.1579682,-367.407527479,
1499,8009,-11114.0853465,-368.928952113,
1500,8020,-11261.0476138,-372.276644218,
1501,8021,-11261.027185,-373.79546189,
1502,h4840h,-11205.2104059,-368.394978866,
1503,8035,-11409.6147014,-378.720791393,
1504,8034,-11409.7094942,-377.202820411,
1505,8031,-11360.9934657,-377.111460665,
1506,8030,-11361.0922129,-375.596591537,
1507,8033,-11384.5859271,-376.374365132,
1508,8032,-11384.4689164,-377.893694136,
1509,h5000h,-11365.0735644,-373.694383041,
1510,469,-11434.5491629,-381.554762981,0.0004342734109019788
1511,468,-11409.7160152,-375.133143593,2.476138806663236e-07
1512,8028,-11336.0284778,-376.279514319,
1513,8029,-11336.0822666,-374.764166792,
1514,8022,-11261.0451949,-372.27629886,
1515,8023,-11261.0340223,-373.795305843,
1516,8026,-11310.5824139,-373.91870328,
1517,8027,-11310.4882744,-375.435626917,
1518,8024,-11285.5178184,-374.606585632,
1519,8025,-11285.5806298,-373.086169164,
1520,472,-11509.6780925,-378.4528576,0.0002032794755701037
1521,473,-11534.5002493,-384.888864958,0.00027683811212318396
1522,470,-11459.6300709,-376.880116307,0.00036183522065124334
1523,471,-11484.5777106,-383.229393984,0.00026770393465775185
1524,8037,-11409.6135968,-378.72091749,
1525,8036,-11409.7086441,-377.203734716,
1526,8039,-11434.5777673,-378.028859878,
1527,8038,-11434.5143088,-379.54618358,
1528,h5120h,-11484.9422201,-377.627177814,
1529,h5180h,-11544.9253017,-379.633930919,
1530,8040,-11459.5547218,-378.860290409,
1531,8041,-11459.4836363,-380.380737601,
1532,8042,-11484.5081187,-381.205617304,
1533,8043,-11484.5624492,-379.688910431,
1534,8044,-11509.6182341,-380.515956571,
1535,8045,-11509.5123757,-382.032862549,
1536,8046,-11534.5133983,-382.863885262,
1537,8047,-11534.5808297,-381.345056726,
1538,8048,-11559.4911045,-383.689524777,
1539,8049,-11559.5550241,-382.171725348,
1540,476,-11610.5334939,-381.865534082,0.0007085723339955727
1541,477,-11635.7034652,-388.202798694,0.0006283408805059757
1542,474,-11559.6963314,-380.152729344,8.730085593576775e-08
1543,475,-11584.5170979,-386.500213592,0.00014634409094915957
1544,478,-11660.5918491,-383.513022539,0.00019567319031595825
1545,479,-11685.5095061,-389.901971211,0.0001871848415106035
1546,8053,-11584.5346438,-382.998498585,
1547,8052,-11584.4965045,-384.517857668,
1548,8051,-11559.4724556,-383.689048824,
1549,8050,-11559.5562225,-382.170848587,
1550,8057,-11635.5506288,-384.693947012,
1551,8056,-11635.5198928,-386.213901024,
1552,8055,-11610.1377495,-385.371472588,
1553,8054,-11610.5525861,-383.865232607,
1554,8059,-11660.473487,-387.03421418,
1555,8058,-11660.5513249,-385.516020255,
1556,h5300h,-11664.880186,-383.60553831,
1557,8062,-11710.4740658,-388.696030108,
1558,8063,-11710.6552039,-387.182252345,
1559,8060,-11685.4968496,-387.874901889,
1560,8061,-11685.5343879,-386.356224344,
1561,485,-11861.7359334,-395.729893548,51.62106841495238
1562,484,-11810.5650414,-388.432932064,0.0004297112745285285
1563,483,-11785.5106176,-393.2282173,0.00021890235645694134
1564,482,-11760.5958494,-386.854164307,0.00045316819715767836
1565,481,-11735.4610475,-391.562807544,0.00033972801659826375
1566,480,-11710.6115294,-385.13115837,0.0005228452015957116
1567,490,-11988.547068,-399.940191422,
1568,491,-11988.5470932,-399.940218254,3.949417927189941e-08
1569,489,-11963.6282813,-393.590885402,0.00031300637697804053
1570,488,-11938.4909052,-398.251418314,0.00023057442653846605
1571,487,-11887.5342061,-396.52903682,0.0002500143012624072
1572,486,-11861.1452018,-390.160724254,0.0001893193169343493
1573,8079,-11860.9729013,-393.69467537,
1574,8078,-11861.1185241,-392.173934396,
1575,494,-12063.6661806,-396.867611056,0.0005385677566424511
1576,495,-12088.3755835,-403.275926129,0.0003291908146522497
1577,496,-12113.6787508,-398.550699655,0.0005152160168284817
1578,497,-12138.402663,-404.932601634,8.656137425151793e-05
1579,492,-12013.6276945,-395.162785451,0.0003245381293213597
1580,493,-12038.451875,-401.646126661,9.67297744098694e-06
1581,8091,-12013.6537262,-397.229258257,
1582,8090,-12013.5062921,-398.747680404,
1583,h5599h,-11964.6271334,-393.565854804,
1584,8084,-11938.5018128,-396.260873569,
1585,8085,-11938.5708292,-394.73827313,
1586,8086,-11963.5440921,-395.569914856,
1587,8087,-11963.4505841,-397.090225306,
1588,8080,-11887.5209882,-394.574382131,
1589,8081,-11887.6701676,-393.057781663,
1590,8082,-11914.69601,-393.951017345,
1591,8083,-11914.5064642,-395.46614586,
1592,490s,-11914.8720053,-391.997761571,
1593,8088,-11988.5269245,-397.920145889,
1594,8089,-11988.6016823,-396.401837273,
1595,498,-12163.6090144,-400.158096806,4.22223549039484e-09
1596,499,-12188.4137474,-406.50013016,0.00038702368185094784
1597,8097,-12063.4434461,-400.404418487,
1598,8096,-12063.5562851,-398.888432575,
1599,8095,-12038.5731061,-398.056894235,
1600,8094,-12038.4882271,-399.574852295,
1601,8093,-12013.5081468,-398.747203084,
1602,8092,-12013.6531202,-397.230224123,
1603,8099,-12088.540089,-399.721451593,
1604,8098,-12088.4672928,-401.238329424,
1605,502,-12263.6009541,-403.34773851,0.00019174210686828943
1606,503,-12288.3625419,-409.779780882,0.00011155945703775975
1607,500,-12214.1991023,-401.777805557,0.0002877451657485648
1608,501,-12238.394976,-408.115006831,0.0003033153758317904
1609,8105,-12163.5896961,-402.171851299,
1610,8104,-12163.3917261,-403.683921995,
1611,8101,-12113.434846,-402.046520239,
1612,8100,-12113.5863971,-400.532090391,
1613,8103,-12138.4729727,-401.347161985,
1614,8102,-12138.4121207,-402.864034211,
1615,h5759h,-12124.5302106,-398.92090648,
1616,h5900h,-12264.4933678,-403.32735471,
1617,8118,-12313.3813783,-408.658183384,
1618,8119,-12313.5857071,-407.146426462,
1619,8112,-12238.4137266,-406.167327825,
1620,8113,-12238.4780204,-404.651414496,
1621,8110,-12214.0912787,-403.842198532,
1622,8111,-12213.88806,-405.353746558,
1623,8116,-12288.3954742,-407.828278655,
1624,8117,-12288.5188932,-406.313512451,
1625,8114,-12263.5292473,-405.486623004,
1626,8115,-12263.4052155,-407.000415044,
1627,508,-12413.5544808,-408.343008937,9.972345670985842e-05
1628,509,-12438.3934416,-414.774098965,0.00033241061776150736
1629,506,-12363.5730486,-406.778877012,0.00027557266162002957
1630,507,-12388.4854029,-413.102059721,6.426601488909817e-05
1631,504,-12313.6345226,-405.059829925,0.0002361193416523597
1632,505,-12338.3953974,-411.43822933,0.00016389559255645478
1633,8107,-12163.4036769,-403.684499307,
1634,8106,-12163.5894078,-402.172390112,
1635,8109,-12188.5583426,-402.99822964,
1636,8108,-12188.4201667,-404.511794683,
1637,513,-12538.8938388,-418.03713728,0.0005813271685969712
1638,514,-12564.0101652,-413.38012682,0.00026786894553342303
1639,511,-12488.0985282,-416.331800263,0.00018929422274721405
1640,510,-12461.1086397,-409.980849737,0.00034311238189339534
1641,512,-12514.0751865,-411.714730986,0.0004819384231421318
1642,515,-12588.8768149,-419.727704321,0.0001655654303276224
1643,8138,-12514.0320279,-413.761415517,
1644,8139,-12513.8977665,-415.277634297,
1645,8134,-12461.0389603,-412.014708659,
1646,8135,-12460.9766709,-413.532741697,
1647,8136,-12488.0141015,-414.422517441,
1648,8137,-12488.0649309,-412.903117564,
1649,520,-12713.8968578,-418.267744693,0.00016852827377576235
1650,521,-12738.8545989,-424.723847727,0.00022011527547840558
1651,8141,-12538.9619918,-414.591044127,
1652,8140,-12538.9112286,-416.111259823,
1653,8143,-12563.6969336,-416.927675676,
1654,8142,-12563.9313827,-415.417615871,
1655,8145,-12588.9037198,-416.241467344,
1656,8144,-12588.8651074,-417.759546177,
1657,8147,-12613.8876354,-418.585805528,
1658,8146,-12613.9194617,-417.067055668,
1659,h6200h,-12564.3345272,-413.339290941,
1660,519,-12688.8419533,-423.085300526,0.0003967594683704784
1661,518,-12664.0310726,-416.654166645,0.00031131788998124763
1662,517,-12638.9071124,-421.381464508,0.00015669175962405773
1663,516,-12613.9706295,-414.974565884,9.347207538075721e-05
1664,8158,-12738.8366397,-422.706600782,
1665,8159,-12738.8865043,-421.1886183,
1666,8156,-12713.8699974,-420.362769003,
1667,8157,-12713.7593038,-421.878865922,
1668,8154,-12688.8252649,-421.05913707,
1669,8155,-12688.9003826,-419.541868797,
1670,8152,-12663.9628974,-418.715758878,
1671,8153,-12663.8314138,-420.231834495,
1672,8150,-12638.8304701,-419.405949799,
1673,8151,-12638.919138,-417.889859869,
1674,h6359h,-12724.2216531,-418.597470389,
1675,524,-12813.9080575,-421.602590861,0.0004432011484662279
1676,525,-12838.824445,-427.996462474,5.7137280759651956e-05
1677,526,-12863.8434304,-423.28606472,0.000174964984802306
1678,527,-12888.1919568,-429.649571213,0.0003605910165550505
1679,522,-12763.9829768,-419.962894992,0.00022918128983519703
1680,523,-12788.9214475,-426.392539665,0.00021538104989000492
1681,8149,-12613.8386279,-418.58374797,
1682,8148,-12613.9191198,-417.066393717,
1683,8160,-12763.7944756,-423.5333126,
1684,8161a,-12764.0082996,-422.019561715,
1685,8170,-12863.8127262,-426.8352802,
1686,8171,-12888.2902179,-427.644793757,
1687,8172,-12888.3679155,-426.122693128,
1688,8173,-12913.8313142,-428.485571031,
1689,8174,-12913.8824113,-426.969239127,
1690,8161b,-12764.0097129,-422.02111029,
1691,528,-12914.0106448,-424.962132998,0.00014227070962723683
1692,529,-12938.7797305,-431.316653312,5.12570340385049e-05
1693,8163,-12788.9609522,-424.364179554,
1694,8162,-12763.8016636,-423.533650138,
1695,8168,-12838.8863677,-424.487690967,
1696,8167,-12838.8286997,-426.007632597,
1697,8166,-12813.7744286,-425.179967373,
1698,8165,-12813.8882767,-423.664011653,
1699,8164,-12788.9752355,-422.845681172,
1700,8169,-12863.8816314,-425.317684417,
1701,h6500h,-12864.1657489,-423.253240567,
1702,533,-13038.8314957,-434.623023981,0.00021409324831528606
1703,532,-13013.8828971,-428.170545588,0.0005235171901286245
1704,531,-12988.6196658,-432.961139655,0.0008095044297842281
1705,530,-12963.8656217,-426.600072113,0.00029527474364972556
1706,8175,-12913.8826426,-426.966353675,
1707,8176,-12913.8338377,-428.485496409,
1708,8177,-12938.7866729,-429.306180713,
1709,8178,-12938.8949328,-427.789189251,
1710,8179,-12963.8516246,-428.624898577,
1711,h6660h,-13024.0665854,-428.526355753,
1712,8188,-13063.826721,-431.917552402,
1713,8185,-13038.7800857,-432.611790955,
1714,8184,-13013.7781246,-431.785573811,
1715,8187,-13063.7641312,-433.436630133,
1716,8186,-13038.8495009,-431.095398109,
1717,8181,-12988.7264901,-430.960971963,
1718,8180,-12963.7813794,-430.140327655,
1719,8183,-13013.8234998,-430.268978329,
1720,8182,-12988.8128824,-429.442557901,
1721,537,-13138.7699744,-437.929379225,0.0005391247846337074
1722,536,-13113.950233,-431.56959122,0.0003705857046383286
1723,535,-13088.7821619,-436.302790455,2.9779668301138303e-07
1724,534,-13063.8260541,-429.906030075,0.00036208122564802716
1725,539,-13188.745069,-439.579931336,5.1940770568104524e-05
1726,538,-13163.8013844,-433.29093576,0.00012547007743274552
1727,8192,-13088.9435748,-432.755869053,
1728,8193,-13113.905427,-433.572884324,
1729,8190,-13063.7700938,-433.437037596,
1730,8191,-13088.7436896,-434.269105211,
1731,8189,-13063.8244105,-431.918466874,
1732,8194,-13113.7186619,-435.087306849,
1733,8195,-13138.7499304,-435.911588042,
1734,545,-13338.6875023,-444.597467728,3.178808104261814e-08
1735,543,-13288.7591011,-442.920429721,0.00027412295244518675
1736,540,-13214.0776482,-434.863701697,0.0004366056272892476
1737,544,-13313.9151565,-438.142601942,0.00014341142021589233
1738,8196,-13138.8591953,-434.394595326,
1739,542,-13263.4871076,-436.522037674,0.00034637695799532767
1740,541,-13238.728657,-441.255369784,0.00032960099494854655
1741,8211,-13288.7995401,-439.341352079,
1742,8210,-13288.7488314,-440.862227125,
1743,8213,-13313.6868588,-441.686395609,
1744,8212,-13313.7728287,-440.167280081,
1745,551,-13488.7497357,-449.455891141,0.0003596320157918885
1746,550,-13463.6345861,-443.116018456,0.00017647453396202648
1747,8217,-13363.7648915,-441.817149479,
1748,8216,-13363.6611458,-443.33601153,
1749,546,-13363.6432261,-439.844082456,2.218857454777601e-05
1750,547,-13388.8229137,-446.166987946,0.0002358240209655788
1751,548,-13413.8605318,-441.449363074,0.0002435002773158737
1752,549,-13438.735392,-447.807029672,0.0002596672808339922
1753,8208,-13263.3560022,-438.502760942,
1754,8209,-13263.2247717,-440.02048224,
1755,8206,-13238.7262411,-439.207513959,
1756,8207,-13238.8014494,-437.690361744,
1757,8204,-13213.7947853,-436.86523261,
1758,8205,-13213.7732725,-438.384889824,
1759,8214,-13338.7020871,-442.514265067,
1760,8215,-13338.8735028,-440.999779143,
1761,h6960h,-13323.9179596,-438.496105244,
1762,8219,-13363.7644378,-441.815559323,
1763,8232,-13513.8894609,-446.785945222,
1764,8231,-13513.7123215,-448.29840266,
1765,8230,-13488.7927224,-445.953982385,
1766,555,-13589.2962786,-452.826276549,3.924140234054792e-05
1767,554,-13564.115806,-446.434806168,0.0002147274537622481
1768,557,-13638.6551232,-454.498073681,0.00029460525170919264
1769,556,-13613.3269769,-448.020300598,0.00029760690739301604
1770,553,-13538.6847466,-451.15035589,0.00019603506635750207
1771,552,-13513.8233434,-444.721209046,0.0002447759671322162
1772,8220,-13363.6544189,-443.335589866,
1773,8221,-13388.7086493,-444.162303579,
1774,8222,-13388.8094313,-442.646739533,
1775,8223,-13413.7710754,-443.463979459,
1776,8224,-13413.6968741,-444.982019544,
1777,8225,-13438.6731875,-445.815220897,
1778,8226,-13438.7617285,-444.29685268,
1779,8227,-13463.4080504,-445.110612262,
1780,8228,-13463.2846447,-446.626467401,
1781,8229,-13488.6591925,-447.470567435,
1782,h7099h,-13463.7947565,-443.08758011,
1783,563,-13787.1856619,-459.398793676,6.774148306901635e-05
1784,559,-13689.2012562,-456.155572232,0.00013639287800292372
1785,558,-13664.2674546,-449.718933433,8.106679120454788e-05
1786,8235,-13513.7207386,-448.297174825,
1787,8234,-13513.8890762,-446.784676879,
1788,560,-13713.5328574,-451.390800919,0.00028934299279563964
1789,561,-13737.8839373,-457.754300363,8.687954433936138e-05
1790,562,-13762.5555426,-453.02893828,0.00012803909833440934
1791,8238,-13563.9188986,-448.446286553,
1792,8237,-13538.850632,-447.611255596,
1793,8239,-13563.7785621,-449.964177398,
1794,8236,-13538.6574275,-449.125451228,
1795,8255,-13713.1298535,-454.91212304,
1796,8254,-13713.3470585,-453.397818627,
1797,8257,-13737.8277738,-454.209648438,
1798,8256,-13737.7487973,-455.729872314,
1799,8253,-13689.3112116,-452.60057075,
1800,8252,-13689.2625397,-454.120593707,
1801,8259,-13762.2180714,-456.546976573,
1802,8258,-13762.3641694,-455.030372512,
1803,8251,-13663.7858304,-453.274362172,
1804,8250,-13663.8782035,-451.758136253,
1805,h7400h,-13763.6767158,-453.03128329,
1806,568,-13912.7211941,-457.989303307,0.00011662953543443024
1807,569,-13937.5501772,-464.411091148,3.639425299478224e-05
1808,564,-13813.449839,-454.677155494,0.00033607564824382827
1809,565,-13837.6412212,-461.117530763,0.0002312070068497041
1810,566,-13863.0519566,-456.405593574,0.0004558756566317396
1811,567,-13887.6348089,-462.751391675,1.859156130488279e-05
1812,8260,-13787.2727885,-457.381253694,
1813,8261,-13787.3337536,-455.861825835,
1814,8262,-13813.2321718,-458.234207678,
1815,8263,-13813.3568305,-456.720976098,
1816,h7559h,-13923.5433965,-458.312640602,
1817,573,-14039.2495693,-467.751474405,1.8506944873044844e-09
1818,572,-14014.1456462,-461.437920279,0.00017518137680964135
1819,571,-13987.6473973,-466.045821506,0.000649974297961475
1820,570,-13962.9862444,-459.679909483,9.51348260749415e-05
1821,575,-14089.0448092,-469.405580194,0.001013127676389429
1822,574,-14064.3664919,-463.073992154,0.0007921240805135568
1823,8276,-13962.7765873,-461.675195327,
1824,8275,-13962.7608164,-463.195572898,
1825,8274,-13937.6944303,-460.845646202,
1826,8273,-13937.6353989,-462.365905827,
1827,8272,-13912.6481352,-461.538482513,
1828,8271,-13912.7063013,-460.022183113,
1829,8270,-13887.7330499,-459.190733706,
1830,8268,-13862.7455793,-459.88259559,
1831,8269,-13887.6646112,-460.714207577,
1832,8264,-13813.3528697,-456.718282117,
1833,8265,-13813.2319696,-458.232643967,
1834,8266,-13837.7217477,-459.048286396,
1835,8267,-13837.7669796,-457.52932676,
1836,579,-14190.4898732,-472.761218624,0.00039661911982187553
1837,578,-14165.7509042,-466.422947121,0.0001811385036706218
1838,577,-14139.1045929,-471.104787909,0.0006410543707365994
1839,576,-14114.3070274,-464.734174056,0.0003747742937211393
1840,8279,-13987.7224768,-464.02117503,
1841,8278,-13962.740823,-463.196417989,
1842,8277,-13962.7704247,-461.67527065,
1843,580,-14215.7704823,-468.042289596,5.4049798577737945e-08
1844,581,-14240.600772,-474.46653636,0.0005128841998882878
1845,8286,-14064.1853567,-466.573657635,
1846,8284,-14039.260283,-464.213728865,
1847,8285,-14064.2324002,-465.053287878,
1848,8282,-14014.0453225,-464.896857972,
1849,8283,-14039.2122547,-465.733782834,
1850,8280,-13987.7668455,-462.500415537,
1851,8281,-14014.1361885,-463.378104512,
1852,h7660h,-14023.5315999,-461.662751744,
1853,8301,-14240.5616807,-472.399556195,
1854,8300,-14215.6568278,-471.581307932,
1855,8291,-14114.2450277,-466.696991459,
1856,8290,-14089.1910437,-465.868083166,
1857,8293,-14139.1147212,-469.044681486,
1858,8292,-14114.0912034,-468.214189637,
1859,8295,-14165.6789389,-468.403030857,
1860,8294,-14139.1500832,-467.522469995,
1861,8297,-14190.5615311,-470.748411226,
1862,8296,-14165.5721387,-469.91985261,
1863,8299,-14215.7367087,-470.060771678,
1864,8298,-14190.6589514,-469.2300612,
1865,586,-14368.1551912,-473.173391595,0.00041821701422996744
1866,587,-14393.009197,-479.441320283,0.0013413252776519015
1867,584,-14316.3098843,-471.410045197,0.00016970545591661395
1868,585,-14342.3336432,-477.738356715,1.553529805509292e-09
1869,582,-14266.2839039,-469.75052668,0.0005316294768471135
1870,583,-14291.0598484,-476.095081539,0.00015796719647842594
1871,8287,-14064.2307544,-465.052352669,
1872,h7840h,-14203.4319587,-467.652853544,
1873,8288,-14064.1826091,-466.57259395,
1874,8289,-14089.0704951,-467.388971125,
1875,8304,-14266.2501478,-471.732713019,
1876,8303,-14266.1671637,-473.249434257,
1877,8302,-14240.6091596,-470.879231009,
1878,591,-14493.4954737,-482.884714696,0.00021829337686651075
1879,590,-14468.668109,-476.460981109,0.00024901388657359185
1880,592,-14519.1684858,-478.163188515,0.00016311913230206485
1881,8307,-14291.0620231,-474.075023339,
1882,8306,-14266.1751969,-473.248474254,
1883,8305,-14266.2405571,-471.731159709,
1884,8309,-14316.1953825,-473.386639573,
1885,8308,-14291.2413461,-472.560156229,
1886,587a,-14393.1026381,-473.917628365,0.00010119656913634557
1887,588,-14418.3718608,-474.813031016,4.8502860536241173e-05
1888,589,-14443.1283179,-481.103111272,0.0004175623281352852
1889,8314,-14368.0080722,-476.619331348,
1890,8315,-14393.057786,-475.930962009,
1891,8316,-14392.9801467,-477.447777366,
1892,8310,-14316.1200395,-474.903432611,
1893,8311,-14342.4756648,-475.776124885,
1894,8312,-14342.635673,-474.25998341,
1895,8313,-14368.0864129,-475.102107916,
1896,h7799h,-14363.2967583,-472.96896719,
1897,593,-14543.3411213,-484.443852918,0.00017906107921894127
1898,595,-14593.4296663,-486.108229389,8.08981471808373e-05
1899,594,-14568.5872871,-479.775712604,0.00024374917956817654
1900,597,-14643.4815625,-487.786603932,9.073340442489393e-09
1901,596,-14618.5504201,-481.420294242,0.00023487355213097324
1902,8329,-14543.4560019,-482.440820611,
1903,8328,-14518.9408519,-481.62787991,
1904,8325,-14493.5045317,-480.785985326,
1905,8324,-14468.4933978,-479.95095013,
1906,8327,-14519.0115209,-480.109543864,
1907,8326,-14493.5292881,-479.267143608,
1908,8321,-14443.1220662,-479.112861546,
1909,8320,-14418.149879,-478.278777269,
1910,8323,-14468.6125726,-478.435864949,
1911,8322,-14443.1450619,-477.591837202,
1912,597a,-14643.4769268,-482.245273085,0.0002508794166382457
1913,h8199h,-14563.1654609,-479.533279079,0.007087784740851098
1914,8140h,-14503.2087069,-477.559456589,
1915,8330,-14543.5503892,-480.923871166,
1916,8317,-14393.0557398,-475.930555949,
1917,8318,-14392.9861368,-477.448487109,
1918,8319,-14418.2409614,-476.760142096,
1919,599,-14694.1587617,-489.457940255,0.0001945929106358692
1920,598,-14668.4394274,-483.094439293,2.009643206231773e-07
1921,601,-14744.3586856,-491.1123907,0.0001891727285951541
1922,8340,-14643.5934494,-484.243640509,
1923,600,-14719.5748001,-484.769467735,0.0008979756875519462
1924,603,-14794.3264075,-492.76284286,0.0002976433932398609
1925,602,-14769.6709802,-486.456982705,0.00025684116085553777
1926,8332,-14543.5449622,-480.923816066,
1927,8333,-14568.5663089,-481.754380292,
1928,8331,-14543.4545451,-482.441191635,
1929,8336,-14593.5772742,-482.585886654,
1930,8337,-14618.481314,-483.408599884,
1931,8334,-14568.4634493,-483.272490891,
1932,8335,-14593.4695877,-484.106143,
1933,8338,-14618.4383765,-484.929924413,
1934,8339,-14643.4699827,-485.762798873,
1935,605,-14844.8416529,-494.449811872,0.0009991477793465117
1936,604,-14819.5399866,-488.03069904,0.0008197979987955871
1937,607,-14894.8685699,-496.098065735,0.00022533654265603038
1938,606,-14870.0994351,-489.748501982,2.4737187627209543e-05
1939,609,-14944.9871077,-497.747916855,2.549616422380909e-08
1940,608,-14920.0263747,-491.436314603,0.0008810418199426688
1941,8349,-14744.4264762,-489.109746159,
1942,8348,-14719.4035453,-488.277732051,
1943,8343,-14668.4895697,-485.067733243,
1944,8342,-14643.4998205,-484.240850804,
1945,8341,-14643.4620034,-485.76259672,
1946,8347,-14719.5029399,-486.76212822,
1947,8346,-14694.1411676,-485.921459067,
1948,8345,-14694.0670645,-487.4407555,
1949,8344,-14668.4155646,-486.589190179,
1950,h8300h,-14663.0906898,-482.860754657,
1951,8350,-14744.5035185,-487.593729828,
1952,8351,-14769.6041838,-488.427317768,
1953,8352,-14769.4040823,-489.941691063,
1954,8353,-14794.3934536,-490.769899785,
1955,8354,-14794.4605923,-489.250499005,
1956,h8399h,-14762.9926273,-486.145588555,
1957,8365,-14921.4251068,-494.982934513,
1958,8364,-14894.9149992,-492.571286004,
1959,8367,-14944.9444362,-495.77182499,
1960,8360,-14844.9186133,-490.902747245,
1961,8369,-14966.3632306,-494.963814759,
1962,8368,-14944.9814825,-494.250077326,
1963,8362,-14869.8371771,-493.25605979,
1964,8366,-14921.4537393,-493.462637923,
1965,8363,-14894.8649221,-494.090835067,
1966,611a,-14989.3023338,-493.653835918,2.7702749983230673e-08
1967,612a,-15014.7232922,-500.132969186,0.00023784068444216528
1968,8370,-14966.3171847,-496.484486822,
1969,612,-15014.1810383,-494.550792114,0.00037336243798931395
1970,610,-14966.290434,-492.880049798,0.00016036588039479
1971,611,-14989.1570101,-499.246900509,0.0003356619684858025
1972,8358,-14819.3606331,-491.561928384,
1973,8359,-14844.8624641,-492.425732815,
1974,h8539h,-14902.9438506,-490.791346815,
1975,8355,-14794.390793,-490.72433492,
1976,8356,-14794.457859,-489.202153301,
1977,8357,-14819.4890515,-490.046081065,
1978,8361,-14869.9624413,-491.73807321,
1979,610a,-14966.4525123,-498.5423257,0.0002631194282624143
1980,615a,-15083.4017724,-497.085201986,6.503360610092494e-09
1981,614a,-15063.7044926,-501.752740682,0.00019498660951973592
1982,613,-15039.5954723,-500.912248769,0.0002216089431673405
1983,614,-15063.0174324,-496.41479069,0.00032172893589382296
1984,615,-15088.587029,-502.565792334,0.00048161586523378253
1985,613a,-15040.5463778,-495.385185487,8.184300399206331e-05
1986,h8700h,-15062.8739646,-496.342750774,
1987,8389,-15166.8161444,-501.626112651,
1988,8388,-15156.8173797,-502.816510742,
1989,8387,-15156.8658391,-501.296854605,
1990,8386,-15134.3399827,-500.546427806,
1991,8385,-15134.2503289,-502.067060808,
1992,8384,-15110.3775154,-501.275115308,
1993,8383,-15110.4270085,-499.753167443,
1994,8382,-15085.8156219,-500.458343751,
1995,8381,-15085.8742014,-498.93866211,
1996,617a,-15142.1754899,-499.002591492,0.00038361734448144396
1997,8374,-14989.0396603,-497.242590961,
1998,h8800h,-15162.8675418,-499.58538831,
1999,h8639h,-15002.7861796,-494.317445249,
2000,8376,-15013.7870661,-498.065930991,
2001,8377,-15037.3251473,-498.844974159,
2002,8375,-15013.9841707,-496.55014976,
2003,8372,-14966.3637923,-494.962118534,
2004,8373,-14989.3500579,-495.728634402,
2005,8371,-14966.3136719,-496.484178473,
2006,616a,-15113.3728436,-503.373611503,0.0002524996660879189
2007,616,-15113.5392096,-497.770116173,0.000142036335070645
2008,617,-15142.6225621,-504.345700274,5.6201006121445156e-06
2009,8379,-15062.8158461,-498.172818039,
2010,618,-15166.8405031,-499.519929289,0.00013325233900335178
2011,8378,-15037.40985,-497.32494618,
2012,8380,-15062.6870494,-499.688600436,
2013,620a,-15215.6289855,-506.518348847,0.00015447543661594433
2014,618a,-15166.6560777,-505.112566761,6.681292096878795e-05
2015,8390,-15166.790173,-503.137048,
2016,621,-15244.9924045,-507.416601017,0.00040716903516556987
2017,620,-15214.8868576,-501.118572345,0.00017758842219852412
2018,8408,-15260.3399689,-504.41935703,
2019,8409,-15260.244804,-505.946879671,
2020,8400,-15219.2215616,-504.890605468,
2021,8401,-15229.1736276,-505.21232339,
2022,8402,-15229.2519093,-503.691926051,
2023,8403,-15239.2901801,-503.986617667,
2024,8404,-15239.2408768,-505.50773208,
2025,8405,-15250.1905153,-505.775492425,
2026,8406,-15250.2718507,-504.251471257,
2027,8407,-15250.2712698,-504.250051063,
2028,619a,-15188.6241819,-500.258160598,0.00016408311855585695
2029,621a,-15244.9988515,-501.945155284,0.0003844918705825908
2030,619,-15188.4296975,-505.881016815,0.0003551774340336433
2031,8398,-15209.2891871,-503.036091633,
2032,8399,-15219.2723078,-503.368964246,
2033,8393,-15188.3474544,-503.861795473,
2034,8394,-15188.4144184,-502.342212623,
2035,8395,-15198.3511177,-502.674921438,
2036,8396,-15198.312869,-504.193685281,
2037,8397,-15209.2031037,-504.558320536,
2038,8391,-15166.7829187,-503.146936301,
2039,8392,-15166.8140256,-501.625607935,
2040,8413,-15275.2157998,-506.015491086,
2041,8412,-15275.2760287,-504.48904211,
2042,8411,-15270.2613168,-504.486348225,
2043,8410,-15270.2045068,-506.021584335,
2044,8417,-15284.135218,-505.918843774,
2045,8416,-15284.1954526,-504.399742976,
2046,8415,-15280.2785185,-504.45213888,
2047,8414,-15280.2389743,-505.977536447,
2048,623,-15283.808734,-507.721716072,
2049,622,-15266.6618176,-502.496381104,
2050,622a,-15266.8353782,-507.837520432,
2051,8505,-15360.7720191,-498.820541034,
2052,8500,-15302.9499248,-503.854659245,
2053,8506,-15360.4786622,-497.319023499,
2054,623a,-15282.8035821,-502.135952019,
2055,h8840h,-15202.7716139,-500.896491668,
2056,8507,-15369.2846392,-495.600062938,
2057,h8820h,-15182.7719869,-500.292322999,
2058,8503,-15322.3990284,-502.54601184,
2059,8502,-15322.4026204,-504.077968005,
2060,8501,-15303.1197461,-505.377080053,
2061,8504,-15341.8941406,-501.847580216,
